Order ID,Customer ID,Customer Segment,Order Date,Delivery Date,Product ID,Product Name,Brand,Category,Unit Price (₹),Quantity,Discount (%),Discount Amt (₹),Tax Rate (%),Tax Amt (₹),Net Total (₹),Cost Price (₹),Profit (₹),Profit Margin (%),Payment Method,Shipping Method,Region,City,Order Status,Returns Flag,Customer Rating,Month
ORD-00001,CUST-3069,VIP,2024-10-29,2024-11-12,PROD-127,Fiction Novel,Penguin,Books,61.39,2,0,0.0,18,22.1,144.88,29.77,85.34,58.9,Net Banking,Economy,North,Delhi,Delivered,0,3.0,2024-10
ORD-00002,CUST-4127,New,2024-12-23,2025-01-07,PROD-204,Formal Shoes,Levi's,Clothing,113.59,4,15,68.15,18,69.52,455.73,59.02,219.65,48.2,Credit Card,Economy,North,Chandigarh,Delivered,0,3.0,2024-12
ORD-00003,CUST-4626,New,2024-07-12,2024-07-21,PROD-691,Yoga Mat,Under Armour,Sports,1020.04,5,5,255.01,18,872.13,5717.32,664.84,2393.12,41.86,Debit Card,Standard,West,Mumbai,Delivered,0,4.1,2024-07
ORD-00004,CUST-1666,New,2024-05-22,2024-06-07,PROD-463,Fiction Novel,Penguin,Books,55.61,3,0,0.0,18,30.03,196.86,36.92,86.1,43.74,Debit Card,Economy,North,Jaipur,Processing,0,,2024-05
ORD-00005,CUST-1899,New,2024-07-13,2024-07-16,PROD-963,Cookbook,Penguin,Books,51.86,2,15,15.56,18,15.87,104.03,32.79,38.45,36.96,Wallet,Same Day,South,Kochi,Shipped,0,,2024-07
ORD-00006,CUST-3633,Returning,2024-04-18,2024-05-03,PROD-246,LEGO Set,LEGO,Toys,100.75,3,10,30.23,18,48.96,320.98,52.08,164.74,51.32,PayPal,Economy,South,Hyderabad,Cancelled,0,,2024-04
ORD-00007,CUST-4527,Regular,2024-04-22,2024-04-27,PROD-256,Jeans,Levi's,Clothing,141.66,5,10,70.83,18,114.74,752.21,95.54,274.51,36.49,COD,Express,West,Pune,Delivered,0,4.4,2024-04
ORD-00008,CUST-3792,VIP,2024-10-10,2024-10-19,PROD-868,Hoodie,H&M,Clothing,155.16,4,10,62.06,18,100.54,659.12,92.94,287.36,43.6,PayPal,Standard,West,Pune,Shipped,0,,2024-10
ORD-00009,CUST-3494,Premium,2024-09-16,2024-09-25,PROD-256,Doll,Mattel,Toys,24.05,4,0,0.0,18,17.32,113.52,13.55,59.32,52.26,PayPal,Standard,East,Bhubaneswar,Delivered,0,4.1,2024-09
ORD-00010,CUST-3323,Regular,2024-02-27,2024-02-29,PROD-187,Action Figure,Spin Master,Toys,114.98,5,0,0.0,18,103.48,678.38,68.96,333.58,49.17,COD,Same Day,West,Mumbai,Delivered,0,3.1,2024-02
ORD-00011,CUST-4093,Premium,2024-05-15,2024-05-29,PROD-830,Yoga Mat,Reebok,Sports,923.68,2,20,369.47,18,266.02,1743.91,525.41,693.09,39.74,PayPal,Economy,Central,Nagpur,Cancelled,0,,2024-05
ORD-00012,CUST-1029,Regular,2024-06-22,2024-07-01,PROD-824,Tennis Racket,Under Armour,Sports,536.96,5,10,268.48,18,434.94,2851.26,257.88,1561.86,54.78,COD,Standard,South,Bengaluru,Delivered,0,4.0,2024-06
ORD-00013,CUST-3338,VIP,2024-04-19,2024-04-24,PROD-584,Laptop,Samsung,Electronics,1828.76,3,0,0.0,18,987.53,6473.81,1058.01,3299.78,50.97,Debit Card,Express,East,Guwahati,Returned,1,,2024-04
ORD-00014,CUST-3646,Regular,2024-08-27,2024-09-05,PROD-162,Puzzle,Fisher-Price,Toys,32.56,1,20,6.51,18,4.69,30.74,18.16,12.58,40.92,UPI,Standard,West,Surat,Shipped,0,,2024-08
ORD-00015,CUST-1308,Returning,2024-05-22,2024-06-05,PROD-927,Cookbook,Penguin,Books,25.9,2,15,7.77,18,7.93,51.96,14.56,22.84,43.96,Wallet,Economy,West,Ahmedabad,Cancelled,0,,2024-05
ORD-00016,CUST-4696,Regular,2024-03-26,2024-04-10,PROD-268,Remote Car,Hasbro,Toys,17.46,5,25,21.82,18,11.79,77.27,7.92,37.67,48.75,UPI,Economy,North,Chandigarh,Delivered,0,4.7,2024-03
ORD-00017,CUST-4013,VIP,2024-03-20,2024-03-24,PROD-162,Smartwatch,Sony,Electronics,1866.73,4,5,373.35,18,1276.84,8370.41,1037.44,4220.65,50.42,COD,Express,Central,Raipur,Delivered,0,2.6,2024-03
ORD-00018,CUST-1963,Returning,2025-03-11,2025-03-14,PROD-222,Sofa,IKEA,Home & Garden,896.64,5,25,1120.8,18,605.23,3967.63,522.55,1354.88,34.15,Net Banking,Express,North,Delhi,Delivered,0,4.2,2025-03
ORD-00019,CUST-1977,New,2024-05-13,2024-05-18,PROD-505,Sneakers,Levi's,Clothing,24.34,1,10,2.43,18,3.94,25.85,14.95,10.9,42.17,Debit Card,Express,Central,Indore,Shipped,0,,2024-05
ORD-00020,CUST-4608,Regular,2024-02-07,2024-02-12,PROD-350,Cookbook,Scholastic,Books,30.76,1,0,0.0,18,5.54,36.3,17.37,18.93,52.15,PayPal,Express,Central,Bhopal,Delivered,0,4.8,2024-02
ORD-00021,CUST-2083,Regular,2024-12-07,2024-12-10,PROD-209,Dining Table,Pottery Barn,Home & Garden,1258.76,3,15,566.44,18,577.77,3787.61,876.05,1159.46,30.61,COD,Same Day,Central,Bhopal,Delivered,0,4.7,2024-12
ORD-00022,CUST-1180,Regular,2024-05-08,2024-05-15,PROD-441,Lipstick,MAC,Beauty,49.45,2,20,19.78,18,14.24,93.36,26.49,40.38,43.25,Wallet,Standard,East,Guwahati,Delivered,0,4.6,2024-05
ORD-00023,CUST-3234,Regular,2024-02-27,2024-03-07,PROD-954,Formal Shoes,Zara,Clothing,52.97,4,15,31.78,18,32.42,212.52,33.18,79.8,37.55,PayPal,Standard,Central,Bhopal,Cancelled,0,,2024-02
ORD-00024,CUST-4621,Returning,2024-04-17,2024-04-22,PROD-735,Foundation,Maybelline,Beauty,70.17,1,5,3.51,18,12.0,78.66,37.97,40.69,51.73,COD,Express,North,Lucknow,Delivered,0,4.5,2024-04
ORD-00025,CUST-2566,Regular,2025-02-14,2025-02-18,PROD-979,Jeans,Adidas,Clothing,244.41,2,10,48.88,18,79.19,519.13,111.5,296.13,57.04,UPI,Express,East,Guwahati,Delivered,0,4.3,2025-02
ORD-00026,CUST-2143,New,2024-06-17,2024-06-18,PROD-756,Jeans,H&M,Clothing,97.17,2,0,0.0,18,34.98,229.32,44.3,140.72,61.36,Net Banking,Same Day,South,Kochi,Returned,1,,2024-06
ORD-00027,CUST-3984,New,2024-10-24,2024-10-25,PROD-546,Tennis Racket,Reebok,Sports,410.76,1,0,0.0,18,73.94,484.7,274.91,209.79,43.28,Net Banking,Same Day,East,Bhubaneswar,Delivered,0,3.6,2024-10
ORD-00028,CUST-4771,New,2024-09-23,2024-09-27,PROD-738,Moisturizer,NYX,Beauty,135.93,2,5,13.59,18,46.49,304.76,62.68,179.4,58.87,PayPal,Express,West,Mumbai,Delivered,0,4.9,2024-09
ORD-00029,CUST-3774,Premium,2024-04-08,2024-04-24,PROD-730,Fiction Novel,Random House,Books,44.51,4,5,8.9,18,30.45,199.59,24.51,101.55,50.88,Net Banking,Economy,East,Bhubaneswar,Returned,1,,2024-04
ORD-00030,CUST-3093,Returning,2024-08-26,2024-09-10,PROD-912,Curtains,West Elm,Home & Garden,1258.74,3,5,188.81,18,645.73,4233.14,632.57,2335.43,55.17,Wallet,Economy,Central,Indore,Shipped,0,,2024-08
ORD-00031,CUST-2946,VIP,2024-04-25,2024-04-28,PROD-970,Self-Help Book,Penguin,Books,28.43,5,5,7.11,18,24.31,159.35,13.46,92.05,57.77,Wallet,Express,South,Hyderabad,Delivered,0,3.1,2024-04
ORD-00032,CUST-1022,Regular,2024-07-23,2024-07-26,PROD-897,Smartwatch,LG,Electronics,1794.05,5,0,0.0,18,1614.64,10584.89,1129.51,4937.34,46.65,UPI,Express,West,Surat,Shipped,0,,2024-07
ORD-00033,CUST-2299,Returning,2024-03-09,2024-03-25,PROD-727,Jeans,Levi's,Clothing,124.17,5,0,0.0,18,111.75,732.6,84.36,310.8,42.42,Wallet,Economy,North,Jaipur,Delivered,0,3.9,2024-03
ORD-00034,CUST-2984,Premium,2024-05-12,2024-05-17,PROD-381,Children Book,Scholastic,Books,67.8,5,10,33.9,18,54.92,360.02,45.72,131.42,36.5,UPI,Express,West,Surat,Delivered,0,4.4,2024-05
ORD-00035,CUST-3893,Premium,2024-03-18,2024-03-22,PROD-165,Camera,Sony,Electronics,621.09,3,5,93.16,18,318.62,2088.73,418.15,834.28,39.94,UPI,Express,North,Chandigarh,Shipped,0,,2024-03
ORD-00036,CUST-4086,Returning,2025-03-14,2025-03-29,PROD-973,Running Shoes,Reebok,Sports,569.79,1,0,0.0,18,102.56,672.35,375.05,297.3,44.22,Wallet,Economy,West,Mumbai,Delivered,0,3.4,2025-03
ORD-00037,CUST-4269,Returning,2024-01-15,2024-01-30,PROD-841,Treadmill,Reebok,Sports,963.84,2,10,192.77,18,312.28,2047.19,486.6,1073.99,52.46,Debit Card,Economy,West,Surat,Shipped,0,,2024-01
ORD-00038,CUST-1744,Regular,2024-02-12,2024-02-26,PROD-366,Puzzle,LEGO,Toys,117.92,5,0,0.0,18,106.13,695.73,79.8,296.73,42.65,UPI,Economy,Central,Bhopal,Cancelled,0,,2024-02
ORD-00039,CUST-4899,New,2025-03-03,2025-03-11,PROD-329,Dining Table,Pottery Barn,Home & Garden,523.25,4,5,104.65,18,357.9,2346.25,333.83,1010.93,43.09,COD,Standard,West,Pune,Delivered,0,3.8,2025-03
ORD-00040,CUST-3310,Premium,2024-05-02,2024-05-06,PROD-576,Speaker,Samsung,Electronics,1556.62,2,0,0.0,18,560.38,3673.62,1027.07,1619.48,44.08,COD,Express,Central,Nagpur,Shipped,0,,2024-05
ORD-00041,CUST-2537,Returning,2024-02-25,2024-03-04,PROD-832,Bookshelf,Wayfair,Home & Garden,292.46,5,20,292.46,18,210.57,1380.41,184.13,459.76,33.31,Debit Card,Standard,South,Hyderabad,Delivered,0,4.8,2024-02
ORD-00042,CUST-2397,Regular,2024-06-26,2024-07-12,PROD-969,Headphones,Apple,Electronics,382.42,3,25,286.81,18,154.88,1015.33,237.51,302.8,29.82,UPI,Economy,North,Delhi,Delivered,0,3.8,2024-06
ORD-00043,CUST-3522,VIP,2024-08-10,2024-08-15,PROD-893,Puzzle,Hasbro,Toys,58.82,3,20,35.29,18,25.41,166.58,39.58,47.84,28.72,UPI,Express,West,Ahmedabad,Delivered,0,4.1,2024-08
ORD-00044,CUST-1117,Returning,2024-05-04,2024-05-20,PROD-971,Bicycle,Reebok,Sports,336.71,2,25,168.35,18,90.91,595.98,230.19,135.6,22.75,PayPal,Economy,East,Guwahati,Delivered,0,3.4,2024-05
ORD-00045,CUST-1350,Premium,2024-10-11,2024-10-20,PROD-837,Jacket,Adidas,Clothing,98.38,3,5,14.76,18,50.47,330.85,51.15,177.4,53.62,UPI,Standard,Central,Indore,Returned,1,,2024-10
ORD-00046,CUST-2511,Returning,2024-04-23,2024-05-09,PROD-666,Treadmill,Adidas,Sports,834.92,4,10,333.97,18,541.03,3546.74,541.22,1381.86,38.96,Net Banking,Economy,North,Lucknow,Delivered,0,4.2,2024-04
ORD-00047,CUST-4121,Premium,2025-01-04,2025-01-08,PROD-296,Curtains,West Elm,Home & Garden,528.98,4,5,105.8,18,361.82,2371.94,278.59,1257.58,53.02,Debit Card,Express,South,Bengaluru,Delivered,0,3.8,2025-01
ORD-00048,CUST-3187,Premium,2024-05-31,2024-06-04,PROD-380,Textbook,Random House,Books,60.17,5,15,45.13,18,46.03,301.75,31.33,145.1,48.09,Credit Card,Express,North,Chandigarh,Delivered,0,2.5,2024-05
ORD-00049,CUST-2395,Premium,2025-03-22,2025-03-31,PROD-152,Headphones,Sony,Electronics,1454.35,2,20,581.74,18,418.85,2745.81,970.22,805.37,29.33,PayPal,Standard,West,Mumbai,Delivered,0,3.7,2025-03
ORD-00050,CUST-1485,VIP,2024-03-17,2024-03-18,PROD-882,Puzzle,Hasbro,Toys,100.79,4,10,40.32,18,65.31,428.15,47.22,239.27,55.88,UPI,Same Day,North,Chandigarh,Returned,1,,2024-03
ORD-00051,CUST-4932,Regular,2025-03-16,2025-03-31,PROD-881,Foundation,Neutrogena,Beauty,41.6,5,10,20.8,18,33.7,220.9,23.41,103.85,47.01,Debit Card,Economy,West,Pune,Delivered,0,2.7,2025-03
ORD-00052,CUST-2924,New,2024-01-02,2024-01-17,PROD-133,Self-Help Book,Random House,Books,55.55,2,0,0.0,18,20.0,131.1,27.41,76.28,58.18,Debit Card,Economy,North,Chandigarh,Shipped,0,,2024-01
ORD-00053,CUST-2088,Premium,2024-08-05,2024-08-14,PROD-173,Rug,Wayfair,Home & Garden,1069.03,4,0,0.0,18,769.7,5045.82,664.77,2386.74,47.3,Credit Card,Standard,East,Bhubaneswar,Delivered,0,2.9,2024-08
ORD-00054,CUST-1329,VIP,2024-12-24,2025-01-08,PROD-140,Hoodie,Zara,Clothing,154.84,5,5,38.71,18,132.39,867.88,86.68,434.48,50.06,UPI,Economy,West,Pune,Delivered,0,3.7,2024-12
ORD-00055,CUST-2927,VIP,2025-01-26,2025-01-29,PROD-767,Cookbook,Simon & Schuster,Books,26.03,1,0,0.0,18,4.69,30.72,17.97,12.75,41.5,UPI,Same Day,Central,Bhopal,Delivered,0,4.4,2025-01
ORD-00056,CUST-2180,Returning,2024-06-13,2024-06-20,PROD-933,Dining Table,West Elm,Home & Garden,681.47,4,0,0.0,18,490.66,3216.54,386.74,1669.58,51.91,Wallet,Standard,West,Pune,Delivered,0,4.2,2024-06
ORD-00057,CUST-3550,Returning,2024-12-02,2024-12-17,PROD-740,Moisturizer,NYX,Beauty,22.33,3,5,3.35,18,11.46,75.1,10.7,43.0,57.26,UPI,Economy,West,Mumbai,Delivered,0,3.8,2024-12
ORD-00058,CUST-3262,Returning,2024-01-15,2024-01-20,PROD-195,LEGO Set,LEGO,Toys,40.84,2,5,4.08,18,13.97,91.57,22.85,45.87,50.09,Debit Card,Express,West,Mumbai,Delivered,0,3.9,2024-01
ORD-00059,CUST-2571,Premium,2024-07-31,2024-08-15,PROD-713,LEGO Set,Fisher-Price,Toys,114.28,2,10,22.86,18,37.03,242.73,78.07,86.59,35.67,Net Banking,Economy,East,Patna,Delivered,0,3.9,2024-07
ORD-00060,CUST-4430,VIP,2025-02-24,2025-03-04,PROD-693,Self-Help Book,Penguin,Books,27.89,4,5,5.58,18,19.08,125.06,19.06,48.82,39.04,COD,Standard,Central,Indore,Shipped,0,,2025-02
ORD-00061,CUST-1978,VIP,2024-08-21,2024-08-22,PROD-492,Dumbbells,Puma,Sports,655.53,3,5,98.33,18,336.29,2204.55,385.44,1048.23,47.55,Debit Card,Same Day,Central,Raipur,Returned,1,,2024-08
ORD-00062,CUST-1517,VIP,2024-12-05,2024-12-09,PROD-704,Puzzle,Hasbro,Toys,46.36,4,20,37.09,18,26.7,175.05,31.45,49.25,28.13,PayPal,Express,West,Surat,Returned,1,,2024-12
ORD-00063,CUST-3661,Regular,2024-02-08,2024-02-23,PROD-972,LEGO Set,Fisher-Price,Toys,22.77,4,0,0.0,18,16.39,107.47,14.36,50.03,46.55,PayPal,Economy,West,Ahmedabad,Delivered,0,4.2,2024-02
ORD-00064,CUST-1931,Regular,2024-11-12,2024-11-19,PROD-544,Doll,Spin Master,Toys,53.04,3,20,31.82,18,22.91,150.21,33.4,50.01,33.29,Credit Card,Standard,West,Mumbai,Delivered,0,4.8,2024-11
ORD-00065,CUST-3318,Premium,2024-07-02,2024-07-04,PROD-274,Doll,Hasbro,Toys,59.92,3,0,0.0,18,32.36,212.12,27.65,129.17,60.89,Debit Card,Same Day,North,Lucknow,Delivered,0,3.8,2024-07
ORD-00066,CUST-4295,Returning,2024-08-24,2024-08-26,PROD-394,Headphones,LG,Electronics,1314.48,2,10,262.9,18,425.89,2791.95,891.49,1008.97,36.14,COD,Same Day,South,Chennai,Delivered,0,2.5,2024-08
ORD-00067,CUST-4495,Returning,2024-08-21,2024-08-22,PROD-209,Lipstick,L'Oreal,Beauty,71.84,3,15,32.33,18,32.97,216.16,37.7,103.06,47.68,Debit Card,Same Day,West,Pune,Returned,1,,2024-08
ORD-00068,CUST-4411,New,2024-01-05,2024-01-14,PROD-894,Treadmill,Under Armour,Sports,698.28,3,0,0.0,18,377.07,2471.91,484.95,1017.06,41.14,Wallet,Standard,West,Pune,Shipped,0,,2024-01
ORD-00069,CUST-1136,VIP,2024-11-17,2024-11-25,PROD-473,Sneakers,Zara,Clothing,66.47,2,15,19.94,18,20.34,133.34,34.08,65.18,48.88,COD,Standard,South,Bengaluru,Processing,0,,2024-11
ORD-00070,CUST-2973,New,2024-09-28,2024-09-29,PROD-864,T-Shirt,Zara,Clothing,91.78,4,0,0.0,18,66.08,433.2,45.91,249.56,57.61,Wallet,Same Day,Central,Indore,Delivered,0,4.6,2024-09
ORD-00071,CUST-1057,New,2025-03-09,2025-03-10,PROD-649,Bookshelf,IKEA,Home & Garden,728.55,1,0,0.0,18,131.14,859.69,465.21,394.48,45.89,Credit Card,Same Day,South,Kochi,Processing,0,,2025-03
ORD-00072,CUST-4374,Returning,2024-11-13,2024-11-16,PROD-817,Running Shoes,Under Armour,Sports,709.78,3,0,0.0,18,383.28,2512.62,439.15,1195.17,47.57,PayPal,Same Day,West,Mumbai,Delivered,0,2.7,2024-11
ORD-00073,CUST-4043,VIP,2024-04-30,2024-05-04,PROD-529,Textbook,Penguin,Books,18.06,1,5,0.9,18,3.09,20.25,12.62,7.63,37.68,Net Banking,Express,North,Delhi,Delivered,0,4.2,2024-04
ORD-00074,CUST-4503,New,2024-12-19,2024-12-20,PROD-201,Self-Help Book,Scholastic,Books,55.15,4,15,33.09,18,33.75,221.26,30.44,99.5,44.97,COD,Same Day,East,Kolkata,Delivered,0,4.9,2024-12
ORD-00075,CUST-1207,New,2024-12-05,2024-12-10,PROD-349,Lamp,Wayfair,Home & Garden,136.86,3,0,0.0,18,73.9,484.48,94.71,200.35,41.35,Debit Card,Express,West,Mumbai,Delivered,0,4.9,2024-12
ORD-00076,CUST-1592,Premium,2025-01-31,2025-02-05,PROD-653,Remote Car,LEGO,Toys,19.41,5,0,0.0,18,17.47,114.52,11.58,56.62,49.44,PayPal,Express,South,Hyderabad,Delivered,0,4.6,2025-01
ORD-00077,CUST-3154,Regular,2024-01-09,2024-01-13,PROD-863,Action Figure,Hasbro,Toys,83.39,1,0,0.0,18,15.01,98.4,37.84,60.56,61.54,Credit Card,Express,South,Hyderabad,Delivered,0,4.4,2024-01
ORD-00078,CUST-2961,Returning,2025-01-07,2025-01-09,PROD-536,Bicycle,Under Armour,Sports,625.62,1,10,62.56,18,101.35,664.41,360.33,304.08,45.77,COD,Same Day,Central,Bhopal,Delivered,0,2.6,2025-01
ORD-00079,CUST-3173,New,2024-05-20,2024-05-22,PROD-564,Smartwatch,LG,Electronics,331.28,1,5,16.56,18,56.65,371.37,199.46,171.91,46.29,Net Banking,Same Day,North,Chandigarh,Returned,1,,2024-05
ORD-00080,CUST-2633,Returning,2024-08-08,2024-08-22,PROD-847,Sunscreen,L'Oreal,Beauty,121.03,1,25,30.26,18,16.34,107.11,74.27,32.84,30.66,Credit Card,Economy,Central,Nagpur,Delivered,0,4.6,2024-08
ORD-00081,CUST-2526,Premium,2024-02-16,2024-02-23,PROD-669,Curtains,Wayfair,Home & Garden,1014.07,3,0,0.0,18,547.6,3589.81,630.45,1698.46,47.31,Credit Card,Standard,West,Mumbai,Delivered,0,4.4,2024-02
ORD-00082,CUST-1633,Returning,2024-05-27,2024-05-29,PROD-329,Foundation,Neutrogena,Beauty,56.15,1,10,5.62,18,9.1,59.63,30.23,29.4,49.3,Wallet,Same Day,West,Mumbai,Delivered,0,3.8,2024-05
ORD-00083,CUST-2265,New,2024-11-07,2024-11-08,PROD-459,Tablet,Bose,Electronics,860.61,3,15,387.27,18,395.02,2589.58,435.93,1281.79,49.5,Credit Card,Same Day,West,Mumbai,Delivered,0,4.3,2024-11
ORD-00084,CUST-2515,New,2025-01-17,2025-01-21,PROD-838,Hoodie,Adidas,Clothing,148.09,4,0,0.0,18,106.62,698.98,71.89,411.42,58.86,PayPal,Express,North,Delhi,Delivered,0,3.4,2025-01
ORD-00085,CUST-3486,Returning,2024-12-11,2024-12-19,PROD-524,Remote Car,Spin Master,Toys,21.18,1,0,0.0,18,3.81,24.99,10.36,14.63,58.54,PayPal,Standard,Central,Bhopal,Delivered,0,3.6,2024-12
ORD-00086,CUST-1224,Regular,2024-09-26,2024-09-27,PROD-309,Hoodie,Levi's,Clothing,41.75,4,0,0.0,18,30.06,197.06,21.74,110.1,55.87,PayPal,Same Day,Central,Raipur,Delivered,0,5.0,2024-09
ORD-00087,CUST-3288,New,2024-03-30,2024-04-03,PROD-173,Hoodie,Adidas,Clothing,194.58,3,5,29.19,18,99.82,654.37,93.4,374.17,57.18,UPI,Express,West,Surat,Delivered,0,3.1,2024-03
ORD-00088,CUST-2659,Regular,2024-10-20,2024-11-05,PROD-432,Doll,Hasbro,Toys,59.11,4,0,0.0,18,42.56,279.0,39.34,121.64,43.6,Debit Card,Economy,Central,Raipur,Delivered,0,3.2,2024-10
ORD-00089,CUST-4054,New,2024-08-11,2024-08-27,PROD-326,Remote Car,Fisher-Price,Toys,101.86,3,0,0.0,18,55.0,360.58,56.96,189.7,52.61,PayPal,Economy,North,Chandigarh,Delivered,0,4.7,2024-08
ORD-00090,CUST-1710,VIP,2025-01-07,2025-01-10,PROD-256,Action Figure,Hasbro,Toys,67.13,1,15,10.07,18,10.27,67.33,38.77,28.56,42.42,Wallet,Express,East,Patna,Delivered,0,3.1,2025-01
ORD-00091,CUST-2920,Returning,2024-12-14,2024-12-17,PROD-746,Doll,Hasbro,Toys,31.13,4,10,12.45,18,20.17,132.24,19.88,52.72,39.87,PayPal,Same Day,Central,Raipur,Delivered,0,3.6,2024-12
ORD-00092,CUST-4503,Regular,2024-01-30,2024-02-01,PROD-729,Board Game,Spin Master,Toys,18.07,5,0,0.0,18,16.26,106.61,9.53,58.96,55.3,Net Banking,Same Day,West,Mumbai,Delivered,0,4.7,2024-01
ORD-00093,CUST-1423,New,2024-06-13,2024-06-29,PROD-831,Sunscreen,NYX,Beauty,91.25,1,10,9.12,18,14.78,96.91,61.8,35.11,36.23,Credit Card,Economy,Central,Nagpur,Delivered,0,2.7,2024-06
ORD-00094,CUST-3780,VIP,2024-07-05,2024-07-07,PROD-153,Hair Dryer,Maybelline,Beauty,15.48,4,10,6.19,18,10.03,65.76,8.99,29.8,45.32,Wallet,Same Day,Central,Nagpur,Delivered,0,4.4,2024-07
ORD-00095,CUST-4754,New,2024-06-19,2024-06-28,PROD-417,Cookbook,Penguin,Books,31.74,5,20,31.74,18,22.85,149.81,17.35,63.06,42.09,COD,Standard,East,Bhubaneswar,Shipped,0,,2024-06
ORD-00096,CUST-3082,New,2024-12-09,2024-12-18,PROD-118,Textbook,HarperCollins,Books,50.84,1,5,2.54,18,8.69,56.99,29.98,27.01,47.39,PayPal,Standard,East,Bhubaneswar,Shipped,0,,2024-12
ORD-00097,CUST-4025,VIP,2024-02-09,2024-02-10,PROD-138,Dining Table,Ashley,Home & Garden,544.85,4,0,0.0,18,392.29,2571.69,276.04,1467.53,57.06,COD,Same Day,South,Chennai,Delivered,0,3.8,2024-02
ORD-00098,CUST-1972,Returning,2025-01-04,2025-01-18,PROD-725,Bookshelf,West Elm,Home & Garden,239.15,4,0,0.0,18,172.19,1128.79,117.32,659.51,58.43,PayPal,Economy,Central,Nagpur,Delivered,0,4.2,2025-01
ORD-00099,CUST-4187,Returning,2024-07-07,2024-07-22,PROD-614,Doll,Fisher-Price,Toys,37.27,2,5,3.73,18,12.75,83.56,25.77,32.02,38.32,Net Banking,Economy,West,Ahmedabad,Shipped,0,,2024-07
ORD-00100,CUST-4486,Regular,2024-10-10,2024-10-19,PROD-391,Dumbbells,Adidas,Sports,965.49,2,25,482.75,18,260.68,1708.91,494.81,719.29,42.09,Credit Card,Standard,West,Pune,Processing,0,,2024-10
ORD-00101,CUST-2699,Regular,2025-02-22,2025-03-09,PROD-505,Action Figure,Mattel,Toys,60.53,5,0,0.0,18,54.48,357.13,39.81,158.08,44.26,Net Banking,Economy,North,Chandigarh,Returned,1,,2025-02
ORD-00102,CUST-2935,Premium,2025-02-09,2025-02-12,PROD-877,Dining Table,Pottery Barn,Home & Garden,1492.06,3,0,0.0,18,805.71,5281.89,681.94,3236.07,61.27,COD,Express,North,Lucknow,Delivered,0,4.8,2025-02
ORD-00103,CUST-2719,VIP,2024-02-26,2024-02-27,PROD-568,Bicycle,Reebok,Sports,26.2,1,0,0.0,18,4.72,30.92,13.47,17.45,56.44,Credit Card,Same Day,South,Kochi,Delivered,0,2.6,2024-02
ORD-00104,CUST-2706,Premium,2024-05-29,2024-06-12,PROD-780,Speaker,LG,Electronics,1273.13,1,20,254.63,18,183.33,1201.83,736.94,464.89,38.68,COD,Economy,South,Chennai,Delivered,0,3.1,2024-05
ORD-00105,CUST-2038,Regular,2024-07-18,2024-08-01,PROD-465,Headphones,Sony,Electronics,320.82,5,15,240.62,18,245.43,1608.91,185.06,683.61,42.49,Wallet,Economy,Central,Bhopal,Delivered,0,5.0,2024-07
ORD-00106,CUST-4401,Returning,2024-01-23,2024-01-26,PROD-812,Tablet,Apple,Electronics,1518.29,1,25,379.57,18,204.97,1343.69,904.1,439.59,32.72,UPI,Same Day,East,Bhubaneswar,Delivered,0,4.1,2024-01
ORD-00107,CUST-3111,Returning,2025-03-29,2025-04-06,PROD-934,Self-Help Book,HarperCollins,Books,12.54,4,0,0.0,18,9.03,59.19,6.56,32.95,55.67,Net Banking,Standard,North,Chandigarh,Returned,1,,2025-03
ORD-00108,CUST-2801,Returning,2024-05-19,2024-05-27,PROD-447,Running Shoes,Nike,Sports,908.88,2,5,90.89,18,310.84,2037.71,490.11,1057.49,51.9,Debit Card,Standard,North,Lucknow,Delivered,0,3.5,2024-05
ORD-00109,CUST-2343,New,2024-08-08,2024-08-13,PROD-413,Tennis Racket,Puma,Sports,453.47,5,5,113.37,18,387.72,2541.7,294.89,1067.25,41.99,UPI,Express,West,Mumbai,Delivered,0,2.8,2024-08
ORD-00110,CUST-2663,New,2024-05-20,2024-05-27,PROD-625,Hair Dryer,NYX,Beauty,33.33,4,5,6.67,18,22.8,149.45,18.72,74.57,49.9,Wallet,Standard,East,Guwahati,Shipped,0,,2024-05
ORD-00111,CUST-3323,Regular,2024-02-04,2024-02-09,PROD-719,Self-Help Book,Penguin,Books,18.28,5,20,18.28,18,13.16,86.28,11.8,27.28,31.62,Debit Card,Express,North,Chandigarh,Delivered,0,3.5,2024-02
ORD-00112,CUST-1106,Premium,2024-06-09,2024-06-10,PROD-611,Textbook,Random House,Books,34.78,1,15,5.22,18,5.32,34.88,16.85,18.03,51.69,Net Banking,Same Day,East,Guwahati,Returned,1,,2024-06
ORD-00113,CUST-2851,Premium,2024-12-21,2025-01-04,PROD-830,Treadmill,Nike,Sports,328.9,3,20,197.34,18,142.08,931.44,184.7,377.34,40.51,UPI,Economy,Central,Indore,Delivered,0,4.6,2024-12
ORD-00114,CUST-1823,Premium,2024-12-30,2025-01-03,PROD-342,Speaker,Sony,Electronics,1401.11,1,15,210.17,18,214.37,1405.31,820.41,584.9,41.62,Wallet,Express,East,Bhubaneswar,Delivered,0,2.8,2024-12
ORD-00115,CUST-3944,Returning,2024-11-09,2024-11-16,PROD-638,Yoga Mat,Under Armour,Sports,673.75,3,10,202.12,18,327.44,2146.57,438.55,830.92,38.71,UPI,Standard,Central,Nagpur,Delivered,0,5.0,2024-11
ORD-00116,CUST-1226,Regular,2024-03-06,2024-03-09,PROD-630,Puzzle,Spin Master,Toys,19.97,3,20,11.98,18,8.63,56.56,9.36,28.48,50.35,Debit Card,Express,West,Pune,Delivered,0,4.8,2024-03
ORD-00117,CUST-2124,Premium,2025-03-09,2025-03-17,PROD-740,Dining Table,Ashley,Home & Garden,517.18,2,5,51.72,18,176.88,1159.52,355.24,449.04,38.73,PayPal,Standard,Central,Indore,Delivered,0,4.9,2025-03
ORD-00118,CUST-1332,Regular,2024-12-03,2024-12-06,PROD-756,Foundation,L'Oreal,Beauty,80.36,2,15,24.11,18,24.59,161.2,55.08,51.04,31.66,Wallet,Same Day,South,Chennai,Delivered,0,4.7,2024-12
ORD-00119,CUST-2663,New,2024-11-24,2024-11-26,PROD-564,Perfume,Maybelline,Beauty,117.37,4,15,70.42,18,71.83,470.89,71.57,184.61,39.2,Credit Card,Same Day,West,Pune,Delivered,0,4.5,2024-11
ORD-00120,CUST-2414,Returning,2024-06-09,2024-06-12,PROD-233,Fiction Novel,HarperCollins,Books,39.65,4,10,15.86,18,25.69,168.43,19.86,88.99,52.84,Wallet,Same Day,Central,Nagpur,Returned,1,,2024-06
ORD-00121,CUST-3520,Returning,2024-03-13,2024-03-20,PROD-354,Lamp,West Elm,Home & Garden,203.07,2,10,40.61,18,65.8,431.33,97.6,236.13,54.74,Wallet,Standard,West,Ahmedabad,Delivered,0,3.5,2024-03
ORD-00122,CUST-3070,Returning,2024-09-12,2024-09-14,PROD-346,Hoodie,Zara,Clothing,234.43,3,0,0.0,18,126.59,829.88,150.22,379.22,45.7,Debit Card,Same Day,West,Surat,Delivered,0,4.9,2024-09
ORD-00123,CUST-3979,New,2024-10-01,2024-10-08,PROD-882,Perfume,L'Oreal,Beauty,17.08,4,15,10.25,18,10.45,68.52,11.45,22.72,33.16,UPI,Standard,West,Pune,Delivered,0,4.7,2024-10
ORD-00124,CUST-3786,VIP,2024-07-16,2024-08-01,PROD-221,Sofa,Pottery Barn,Home & Garden,123.23,5,0,0.0,18,110.91,727.06,66.62,393.96,54.19,Debit Card,Economy,East,Kolkata,Delivered,0,5.0,2024-07
ORD-00125,CUST-3922,New,2024-11-04,2024-11-20,PROD-923,Smartwatch,Sony,Electronics,1629.82,3,15,733.42,18,748.09,4904.13,1116.0,1556.13,31.73,UPI,Economy,South,Chennai,Delivered,0,2.6,2024-11
ORD-00126,CUST-2225,VIP,2024-03-24,2024-04-09,PROD-444,Sunscreen,Maybelline,Beauty,94.88,5,0,0.0,18,85.39,559.79,50.48,307.39,54.91,Net Banking,Economy,Central,Indore,Shipped,0,,2024-03
ORD-00127,CUST-3970,Regular,2024-06-18,2024-06-26,PROD-711,Remote Car,Spin Master,Toys,64.9,5,5,16.23,18,55.49,363.76,36.91,179.21,49.27,UPI,Standard,North,Lucknow,Delivered,0,4.5,2024-06
ORD-00128,CUST-1781,Regular,2024-03-16,2024-03-19,PROD-551,Rug,West Elm,Home & Garden,887.15,1,15,133.07,18,135.73,889.81,505.78,384.03,43.16,PayPal,Express,Central,Raipur,Delivered,0,4.3,2024-03
ORD-00129,CUST-3712,Returning,2024-12-27,2025-01-01,PROD-638,Dumbbells,Puma,Sports,834.79,4,15,500.87,18,510.89,3349.18,537.39,1199.62,35.82,UPI,Express,West,Mumbai,Delivered,0,3.3,2024-12
ORD-00130,CUST-4985,New,2024-04-08,2024-04-12,PROD-889,Dining Table,Pottery Barn,Home & Garden,1372.49,3,15,617.62,18,629.97,4129.82,739.18,1912.28,46.3,PayPal,Express,East,Guwahati,Delivered,0,3.1,2024-04
ORD-00131,CUST-4910,Premium,2024-03-03,2024-03-18,PROD-397,Self-Help Book,Scholastic,Books,30.83,3,15,13.87,18,14.15,92.77,21.07,29.56,31.86,Credit Card,Economy,East,Patna,Processing,0,,2024-03
ORD-00132,CUST-1562,Regular,2024-04-13,2024-04-16,PROD-730,Rug,IKEA,Home & Garden,551.57,4,20,441.26,18,317.7,2082.72,283.57,948.44,45.54,COD,Same Day,West,Ahmedabad,Shipped,0,,2024-04
ORD-00133,CUST-1563,Regular,2024-07-30,2024-08-02,PROD-663,Lipstick,Maybelline,Beauty,17.11,5,0,0.0,18,15.4,100.95,10.43,48.8,48.34,Debit Card,Same Day,North,Delhi,Delivered,0,4.2,2024-07
ORD-00134,CUST-1951,VIP,2024-11-26,2024-12-03,PROD-856,Tennis Racket,Puma,Sports,583.39,2,25,291.69,18,157.52,1032.61,403.11,226.39,21.92,COD,Standard,East,Patna,Shipped,0,,2024-11
ORD-00135,CUST-1439,New,2024-04-05,2024-04-06,PROD-391,LEGO Set,LEGO,Toys,57.13,2,0,0.0,18,20.57,134.83,39.95,54.93,40.74,UPI,Same Day,West,Surat,Delivered,0,3.9,2024-04
ORD-00136,CUST-2053,Premium,2025-02-18,2025-02-26,PROD-114,Children Book,Simon & Schuster,Books,43.56,2,25,21.78,18,11.76,77.1,25.09,26.92,34.92,COD,Standard,East,Bhubaneswar,Delivered,0,3.6,2025-02
ORD-00137,CUST-1575,Returning,2024-09-20,2024-09-21,PROD-431,Bookshelf,Wayfair,Home & Garden,872.85,2,0,0.0,18,314.23,2059.93,526.1,1007.73,48.92,Debit Card,Same Day,West,Surat,Delivered,0,2.7,2024-09
ORD-00138,CUST-2906,New,2024-05-13,2024-05-16,PROD-263,Tablet,LG,Electronics,622.94,3,5,93.44,18,319.57,2094.95,327.35,1112.9,53.12,UPI,Same Day,Central,Bhopal,Delivered,0,4.2,2024-05
ORD-00139,CUST-3481,New,2024-09-01,2024-09-05,PROD-525,Children Book,Random House,Books,57.7,3,5,8.65,18,29.6,194.05,34.83,89.56,46.15,COD,Express,South,Chennai,Shipped,0,,2024-09
ORD-00140,CUST-1319,VIP,2024-09-26,2024-10-12,PROD-214,Sunscreen,Neutrogena,Beauty,122.28,2,25,61.14,18,33.02,216.44,62.59,91.26,42.16,Credit Card,Economy,Central,Bhopal,Shipped,0,,2024-09
ORD-00141,CUST-3090,Returning,2024-02-29,2024-03-05,PROD-928,Remote Car,Spin Master,Toys,33.83,5,0,0.0,18,30.45,199.6,16.62,116.5,58.37,Credit Card,Express,Central,Raipur,Delivered,0,2.7,2024-02
ORD-00142,CUST-3368,Regular,2024-07-21,2024-07-22,PROD-146,Dumbbells,Reebok,Sports,510.2,5,0,0.0,18,459.18,3010.18,300.86,1505.88,50.03,UPI,Same Day,East,Kolkata,Shipped,0,,2024-07
ORD-00143,CUST-4136,Returning,2024-05-26,2024-06-09,PROD-483,Rug,IKEA,Home & Garden,834.23,1,0,0.0,18,150.16,984.39,581.07,403.32,40.97,UPI,Economy,West,Mumbai,Shipped,0,,2024-05
ORD-00144,CUST-4419,Regular,2024-04-01,2024-04-17,PROD-874,Bicycle,Puma,Sports,114.69,5,0,0.0,18,103.22,676.67,70.35,324.92,48.02,Credit Card,Economy,East,Kolkata,Delivered,0,4.9,2024-04
ORD-00145,CUST-3969,Regular,2024-03-20,2024-03-21,PROD-132,Curtains,West Elm,Home & Garden,664.41,4,25,664.41,18,358.78,2352.01,337.13,1003.49,42.67,Wallet,Same Day,West,Pune,Returned,1,,2024-03
ORD-00146,CUST-2647,Returning,2024-08-16,2024-08-23,PROD-339,Textbook,Simon & Schuster,Books,63.16,1,0,0.0,18,11.37,74.53,31.68,42.85,57.49,Net Banking,Standard,North,Delhi,Shipped,0,,2024-08
ORD-00147,CUST-3704,VIP,2024-10-22,2024-10-23,PROD-326,Hoodie,Nike,Clothing,47.93,3,0,0.0,18,25.88,169.67,31.34,75.65,44.59,UPI,Same Day,Central,Indore,Delivered,0,2.9,2024-10
ORD-00148,CUST-4218,VIP,2024-01-25,2024-01-28,PROD-426,Bed Frame,IKEA,Home & Garden,856.8,5,20,856.8,18,616.9,4044.1,580.82,1140.0,28.19,COD,Same Day,West,Surat,Shipped,0,,2024-01
ORD-00149,CUST-3303,Returning,2024-06-02,2024-06-06,PROD-526,Bicycle,Adidas,Sports,373.87,2,25,186.94,18,100.94,661.74,218.52,224.7,33.96,Net Banking,Express,South,Chennai,Cancelled,0,,2024-06
ORD-00150,CUST-3469,Regular,2024-02-17,2024-02-20,PROD-994,Lipstick,NYX,Beauty,44.0,2,5,4.4,18,15.05,98.65,26.91,44.83,45.44,Credit Card,Express,West,Pune,Delivered,0,4.2,2024-02
ORD-00151,CUST-1480,Returning,2024-01-08,2024-01-11,PROD-348,Hoodie,Levi's,Clothing,185.21,5,0,0.0,18,166.69,1092.74,105.54,565.04,51.71,COD,Express,East,Patna,Returned,1,,2024-01
ORD-00152,CUST-3036,Returning,2024-08-26,2024-08-28,PROD-200,Hair Dryer,Maybelline,Beauty,65.53,2,15,19.66,18,20.05,131.45,34.76,61.93,47.11,Wallet,Same Day,East,Guwahati,Delivered,0,3.8,2024-08
ORD-00153,CUST-3372,Returning,2025-01-14,2025-01-17,PROD-402,Textbook,Random House,Books,73.83,3,5,11.07,18,37.88,248.3,40.86,125.72,50.63,Debit Card,Express,Central,Nagpur,Delivered,0,4.8,2025-01
ORD-00154,CUST-1689,New,2025-01-25,2025-02-10,PROD-273,Dress,Adidas,Clothing,104.26,2,10,20.85,18,33.78,221.45,61.27,98.91,44.66,Debit Card,Economy,East,Patna,Delivered,0,3.7,2025-01
ORD-00155,CUST-1563,Premium,2025-03-05,2025-03-14,PROD-169,Children Book,Scholastic,Books,21.25,5,20,21.25,18,15.3,100.3,14.65,27.05,26.97,COD,Standard,Central,Bhopal,Delivered,0,2.5,2025-03
ORD-00156,CUST-1048,Regular,2024-12-03,2024-12-17,PROD-642,T-Shirt,Adidas,Clothing,133.85,3,0,0.0,18,72.28,473.83,80.91,231.1,48.77,COD,Economy,Central,Raipur,Delivered,0,3.9,2024-12
ORD-00157,CUST-4339,New,2024-02-19,2024-02-22,PROD-373,Lamp,Wayfair,Home & Garden,73.87,4,25,73.87,18,39.89,261.5,50.6,59.1,22.6,Wallet,Express,South,Bengaluru,Delivered,0,3.8,2024-02
ORD-00158,CUST-3661,Regular,2024-12-16,2024-12-25,PROD-195,Yoga Mat,Under Armour,Sports,1151.97,4,15,691.18,18,705.01,4621.71,588.43,2267.99,49.07,UPI,Standard,South,Hyderabad,Returned,1,,2024-12
ORD-00159,CUST-4988,Regular,2024-11-26,2024-11-29,PROD-640,Bicycle,Reebok,Sports,581.69,1,20,116.34,18,83.76,549.11,286.68,262.43,47.79,Credit Card,Same Day,West,Surat,Returned,1,,2024-11
ORD-00160,CUST-3404,Premium,2024-04-01,2024-04-02,PROD-870,Jeans,Levi's,Clothing,126.74,1,0,0.0,18,22.81,149.55,78.72,70.83,47.36,Wallet,Same Day,East,Kolkata,Returned,1,,2024-04
ORD-00161,CUST-3051,New,2024-07-15,2024-07-20,PROD-154,Textbook,Penguin,Books,29.55,5,0,0.0,18,26.59,174.34,17.48,86.94,49.87,Credit Card,Express,West,Pune,Shipped,0,,2024-07
ORD-00162,CUST-4854,Returning,2024-11-20,2024-11-22,PROD-542,Dumbbells,Nike,Sports,421.9,5,15,316.43,18,322.75,2115.82,231.7,957.32,45.25,Debit Card,Same Day,East,Kolkata,Delivered,0,3.4,2024-11
ORD-00163,CUST-3596,Premium,2024-05-17,2024-05-21,PROD-857,Children Book,Scholastic,Books,14.17,5,5,3.54,18,12.12,79.43,9.2,33.43,42.09,UPI,Express,North,Delhi,Shipped,0,,2024-05
ORD-00164,CUST-3098,Returning,2024-03-08,2024-03-15,PROD-205,Bed Frame,IKEA,Home & Garden,181.8,3,10,54.54,18,88.35,579.21,98.17,284.7,49.15,Credit Card,Standard,East,Kolkata,Delivered,0,3.9,2024-03
ORD-00165,CUST-3968,VIP,2024-05-29,2024-06-13,PROD-348,Tablet,Bose,Electronics,366.52,5,25,458.15,18,247.4,1621.85,194.66,648.55,39.99,Net Banking,Economy,West,Mumbai,Processing,0,,2024-05
ORD-00166,CUST-1315,New,2024-03-26,2024-04-10,PROD-357,Lipstick,NYX,Beauty,33.73,3,5,5.06,18,17.3,113.43,17.44,61.11,53.87,Debit Card,Economy,South,Bengaluru,Delivered,0,3.7,2024-03
ORD-00167,CUST-4373,VIP,2024-06-19,2024-07-04,PROD-239,Textbook,Simon & Schuster,Books,52.4,4,0,0.0,18,37.73,247.33,25.35,145.93,59.0,PayPal,Economy,North,Jaipur,Delivered,0,3.6,2024-06
ORD-00168,CUST-2609,New,2024-10-21,2024-10-25,PROD-216,Lamp,Ashley,Home & Garden,744.04,2,10,148.81,18,241.07,1580.34,515.01,550.32,34.82,Net Banking,Express,East,Guwahati,Delivered,0,4.5,2024-10
ORD-00169,CUST-4256,Returning,2024-08-12,2024-08-15,PROD-789,Sneakers,Levi's,Clothing,57.28,5,0,0.0,18,51.55,337.95,39.42,140.85,41.68,UPI,Same Day,West,Ahmedabad,Delivered,0,4.6,2024-08
ORD-00170,CUST-4769,Returning,2024-08-17,2024-09-02,PROD-656,Formal Shoes,Zara,Clothing,71.87,2,20,28.75,18,20.7,135.69,39.94,55.81,41.13,Credit Card,Economy,West,Mumbai,Delivered,0,3.8,2024-08
ORD-00171,CUST-3774,Returning,2024-11-27,2024-12-06,PROD-870,Board Game,Spin Master,Toys,76.13,1,0,0.0,18,13.7,89.83,48.89,40.94,45.57,PayPal,Standard,East,Bhubaneswar,Returned,1,,2024-11
ORD-00172,CUST-3828,VIP,2024-08-16,2024-08-18,PROD-254,Puzzle,Hasbro,Toys,13.14,3,0,0.0,18,7.1,46.52,7.59,23.75,51.05,PayPal,Same Day,Central,Nagpur,Delivered,0,4.2,2024-08
ORD-00173,CUST-3134,Returning,2024-06-08,2024-06-10,PROD-456,Smartwatch,Samsung,Electronics,730.78,1,0,0.0,18,131.54,862.32,480.73,381.59,44.25,UPI,Same Day,South,Hyderabad,Processing,0,,2024-06
ORD-00174,CUST-4808,Premium,2025-03-10,2025-03-13,PROD-628,Smartwatch,LG,Electronics,773.04,3,0,0.0,18,417.44,2736.56,504.44,1223.24,44.7,Debit Card,Same Day,North,Delhi,Delivered,0,4.5,2025-03
ORD-00175,CUST-1808,Returning,2024-11-23,2024-12-08,PROD-706,Lipstick,MAC,Beauty,88.38,4,0,0.0,18,63.63,417.15,57.4,187.55,44.96,UPI,Economy,South,Chennai,Delivered,0,4.0,2024-11
ORD-00176,CUST-4533,Returning,2024-07-06,2024-07-07,PROD-640,Yoga Mat,Adidas,Sports,262.83,1,15,39.42,18,40.21,263.62,124.96,138.66,52.6,COD,Same Day,Central,Nagpur,Delivered,0,3.2,2024-07
ORD-00177,CUST-2282,Regular,2025-02-20,2025-02-23,PROD-344,Lamp,Pottery Barn,Home & Garden,936.01,5,0,0.0,18,842.41,5522.46,502.62,3009.36,54.49,PayPal,Same Day,West,Ahmedabad,Delivered,0,4.2,2025-02
ORD-00178,CUST-3642,Premium,2024-08-04,2024-08-08,PROD-668,Laptop,Sony,Electronics,1447.19,5,10,723.6,18,1172.22,7684.57,802.55,3671.82,47.78,Debit Card,Express,South,Kochi,Delivered,0,4.2,2024-08
ORD-00179,CUST-4947,VIP,2024-09-05,2024-09-08,PROD-617,Running Shoes,Adidas,Sports,240.78,4,15,144.47,18,147.36,966.01,111.58,519.69,53.8,COD,Express,East,Kolkata,Processing,0,,2024-09
ORD-00180,CUST-2182,Premium,2025-02-11,2025-02-15,PROD-899,Bicycle,Puma,Sports,510.44,4,10,204.18,18,330.76,2168.34,251.04,1164.18,53.69,UPI,Express,Central,Bhopal,Delivered,0,3.1,2025-02
ORD-00181,CUST-2741,Regular,2024-10-04,2024-10-13,PROD-853,Hair Dryer,NYX,Beauty,86.96,1,15,13.04,18,13.31,87.23,41.61,45.62,52.3,Wallet,Standard,Central,Indore,Delivered,0,3.0,2024-10
ORD-00182,CUST-3822,New,2025-03-19,2025-03-26,PROD-981,Self-Help Book,Random House,Books,70.99,1,10,7.1,18,11.5,75.39,36.61,38.78,51.44,COD,Standard,North,Jaipur,Delivered,0,4.3,2025-03
ORD-00183,CUST-2325,New,2024-10-18,2024-10-21,PROD-396,Hair Dryer,NYX,Beauty,33.24,2,25,16.62,18,8.97,58.83,16.68,25.47,43.29,Net Banking,Same Day,South,Bengaluru,Delivered,0,3.8,2024-10
ORD-00184,CUST-2022,Premium,2024-05-21,2024-05-26,PROD-828,Bookshelf,West Elm,Home & Garden,1478.94,1,0,0.0,18,266.21,1745.15,1021.49,723.66,41.47,PayPal,Express,West,Mumbai,Cancelled,0,,2024-05
ORD-00185,CUST-4149,Regular,2024-08-19,2024-08-28,PROD-512,Action Figure,Fisher-Price,Toys,64.86,5,20,64.86,18,46.7,306.14,33.54,138.44,45.22,Net Banking,Standard,West,Surat,Processing,0,,2024-08
ORD-00186,CUST-2629,Premium,2024-11-21,2024-11-22,PROD-539,Cookbook,Random House,Books,40.74,4,5,8.15,18,27.87,182.68,24.26,85.64,46.88,Wallet,Same Day,North,Jaipur,Processing,0,,2024-11
ORD-00187,CUST-1188,Regular,2025-02-07,2025-02-10,PROD-741,Jacket,Zara,Clothing,90.87,3,5,13.63,18,46.62,305.6,53.33,145.61,47.65,Wallet,Same Day,South,Kochi,Shipped,0,,2025-02
ORD-00188,CUST-4590,New,2024-12-18,2024-12-23,PROD-195,Puzzle,Hasbro,Toys,25.42,2,10,5.08,18,8.24,54.0,14.34,25.32,46.89,COD,Express,West,Ahmedabad,Delivered,0,4.7,2024-12
ORD-00189,CUST-1319,Premium,2024-08-07,2024-08-16,PROD-707,Bed Frame,IKEA,Home & Garden,588.55,2,0,0.0,18,211.88,1388.98,323.16,742.66,53.47,Debit Card,Standard,East,Bhubaneswar,Delivered,0,3.0,2024-08
ORD-00190,CUST-1419,Regular,2024-09-01,2024-09-08,PROD-420,Hair Dryer,NYX,Beauty,11.3,3,25,8.47,18,4.58,30.01,5.43,13.72,45.72,PayPal,Standard,West,Ahmedabad,Delivered,0,4.3,2024-09
ORD-00191,CUST-2802,New,2024-09-28,2024-10-07,PROD-839,Dining Table,Pottery Barn,Home & Garden,1171.29,2,20,468.52,18,337.33,2211.39,817.84,575.71,26.03,Debit Card,Standard,South,Bengaluru,Shipped,0,,2024-09
ORD-00192,CUST-2439,Returning,2025-01-20,2025-01-29,PROD-422,Self-Help Book,Scholastic,Books,52.36,4,25,52.36,18,28.27,185.35,26.41,79.71,43.01,Wallet,Standard,North,Chandigarh,Shipped,0,,2025-01
ORD-00193,CUST-1841,VIP,2025-02-02,2025-02-11,PROD-721,Jeans,Zara,Clothing,166.49,2,15,49.95,18,50.95,333.98,99.94,134.1,40.15,Net Banking,Standard,Central,Indore,Cancelled,0,,2025-02
ORD-00194,CUST-3163,Regular,2024-07-16,2024-07-23,PROD-469,Formal Shoes,H&M,Clothing,84.45,1,25,21.11,18,11.4,74.74,56.96,17.78,23.79,PayPal,Standard,South,Kochi,Delivered,0,4.0,2024-07
ORD-00195,CUST-1247,Returning,2024-01-09,2024-01-16,PROD-618,Jacket,Levi's,Clothing,113.9,5,20,113.9,18,82.01,537.61,56.17,256.76,47.76,PayPal,Standard,West,Mumbai,Delivered,0,2.6,2024-01
ORD-00196,CUST-4990,Premium,2024-05-22,2024-05-30,PROD-649,Children Book,Scholastic,Books,38.5,4,0,0.0,18,27.72,181.72,23.49,87.76,48.29,PayPal,Standard,Central,Nagpur,Delivered,0,4.8,2024-05
ORD-00197,CUST-1225,New,2024-05-05,2024-05-13,PROD-782,Treadmill,Nike,Sports,386.0,4,20,308.8,18,222.34,1457.54,265.71,394.7,27.08,COD,Standard,South,Bengaluru,Delivered,0,4.0,2024-05
ORD-00198,CUST-4577,New,2024-09-24,2024-09-25,PROD-850,Self-Help Book,Penguin,Books,8.91,2,20,3.56,18,2.57,16.83,4.03,8.77,52.11,Credit Card,Same Day,West,Pune,Delivered,0,4.4,2024-09
ORD-00199,CUST-3321,Premium,2024-09-11,2024-09-27,PROD-476,LEGO Set,Mattel,Toys,99.17,3,15,44.63,18,45.52,298.4,46.21,159.77,53.54,Debit Card,Economy,Central,Bhopal,Delivered,0,3.7,2024-09
ORD-00200,CUST-4769,Premium,2025-03-15,2025-03-22,PROD-283,Bookshelf,IKEA,Home & Garden,1346.58,1,0,0.0,18,242.38,1588.96,855.34,733.62,46.17,Wallet,Standard,North,Delhi,Delivered,0,3.4,2025-03
ORD-00201,CUST-4694,Regular,2025-02-26,2025-03-07,PROD-283,Headphones,LG,Electronics,603.13,2,10,120.63,18,195.41,1281.04,409.5,462.04,36.07,Debit Card,Standard,East,Patna,Delivered,0,3.8,2025-02
ORD-00202,CUST-4213,New,2024-02-14,2024-02-28,PROD-857,Remote Car,Hasbro,Toys,115.04,1,10,11.5,18,18.64,122.18,76.68,45.5,37.24,Net Banking,Economy,East,Patna,Delivered,0,3.2,2024-02
ORD-00203,CUST-3604,Regular,2024-03-18,2024-03-26,PROD-443,Jacket,Zara,Clothing,154.05,4,25,154.05,18,83.19,545.34,99.2,148.54,27.24,Credit Card,Standard,Central,Nagpur,Delivered,0,3.9,2024-03
ORD-00204,CUST-1381,Regular,2024-09-08,2024-09-15,PROD-337,Doll,Fisher-Price,Toys,103.69,3,0,0.0,18,55.99,367.06,51.98,211.12,57.52,Wallet,Standard,South,Kochi,Shipped,0,,2024-09
ORD-00205,CUST-1535,Premium,2024-02-08,2024-02-16,PROD-398,Sunscreen,MAC,Beauty,74.18,1,15,11.13,18,11.35,74.4,35.15,39.25,52.76,PayPal,Standard,South,Kochi,Shipped,0,,2024-02
ORD-00206,CUST-2841,Returning,2024-04-13,2024-04-18,PROD-421,Board Game,Fisher-Price,Toys,87.68,3,5,13.15,18,44.98,294.87,49.38,146.73,49.76,UPI,Express,South,Bengaluru,Delivered,0,2.8,2024-04
ORD-00207,CUST-3471,Regular,2024-02-16,2024-02-21,PROD-320,Headphones,Sony,Electronics,1935.34,2,10,387.07,18,627.05,4110.66,1020.07,2070.52,50.37,Wallet,Express,East,Kolkata,Delivered,0,4.3,2024-02
ORD-00208,CUST-4500,Returning,2024-05-13,2024-05-16,PROD-669,Board Game,LEGO,Toys,21.85,2,5,2.19,18,7.47,48.98,12.0,24.98,51.0,COD,Express,North,Lucknow,Returned,1,,2024-05
ORD-00209,CUST-4840,Regular,2024-04-11,2024-04-26,PROD-696,Lipstick,L'Oreal,Beauty,74.69,2,0,0.0,18,26.89,176.27,33.83,108.61,61.62,Net Banking,Economy,South,Chennai,Shipped,0,,2024-04
ORD-00210,CUST-1688,VIP,2024-02-17,2024-02-18,PROD-543,Bookshelf,IKEA,Home & Garden,80.63,1,0,0.0,18,14.51,95.14,54.48,40.66,42.74,Wallet,Same Day,West,Ahmedabad,Delivered,0,3.7,2024-02
ORD-00211,CUST-2006,New,2024-05-23,2024-06-06,PROD-610,Textbook,Scholastic,Books,10.12,4,0,0.0,18,7.29,47.77,5.45,25.97,54.36,UPI,Economy,South,Hyderabad,Delivered,0,4.0,2024-05
ORD-00212,CUST-2470,Returning,2024-11-18,2024-11-26,PROD-657,Sunscreen,L'Oreal,Beauty,22.28,4,0,0.0,18,16.04,105.16,12.36,55.72,52.99,Wallet,Standard,Central,Nagpur,Processing,0,,2024-11
ORD-00213,CUST-2932,VIP,2024-01-16,2024-01-17,PROD-466,Running Shoes,Reebok,Sports,612.82,4,5,122.56,18,419.17,2747.89,303.32,1534.61,55.85,Wallet,Same Day,East,Bhubaneswar,Processing,0,,2024-01
ORD-00214,CUST-4462,Premium,2024-10-21,2024-11-05,PROD-280,Lipstick,Maybelline,Beauty,24.02,2,5,2.4,18,8.22,53.86,14.01,25.84,47.98,Debit Card,Economy,North,Chandigarh,Returned,1,,2024-10
ORD-00215,CUST-1155,Regular,2024-10-15,2024-10-19,PROD-157,Perfume,MAC,Beauty,137.96,1,20,27.59,18,19.87,130.24,86.24,44.0,33.78,Debit Card,Express,Central,Nagpur,Delivered,0,2.9,2024-10
ORD-00216,CUST-3886,Premium,2024-06-23,2024-06-27,PROD-892,Lipstick,L'Oreal,Beauty,83.7,1,5,4.18,18,14.31,93.83,56.87,36.96,39.39,Credit Card,Express,South,Chennai,Delivered,0,2.9,2024-06
ORD-00217,CUST-4885,Returning,2024-06-21,2024-06-23,PROD-910,Remote Car,Mattel,Toys,115.74,3,20,69.44,18,50.0,327.78,79.34,89.76,27.38,COD,Same Day,West,Mumbai,Delivered,0,2.9,2024-06
ORD-00218,CUST-1521,Premium,2024-04-24,2024-04-28,PROD-846,Tennis Racket,Under Armour,Sports,225.56,5,20,225.56,18,162.4,1064.64,151.67,306.29,28.77,Credit Card,Express,Central,Indore,Delivered,0,4.2,2024-04
ORD-00219,CUST-1974,New,2024-11-23,2024-12-01,PROD-427,Children Book,Scholastic,Books,69.25,5,0,0.0,18,62.32,408.57,34.31,237.02,58.01,Debit Card,Standard,East,Bhubaneswar,Delivered,0,4.4,2024-11
ORD-00220,CUST-4000,Returning,2024-05-11,2024-05-20,PROD-270,Fiction Novel,Random House,Books,40.16,3,0,0.0,18,21.69,142.17,20.58,80.43,56.57,UPI,Standard,North,Lucknow,Delivered,0,3.5,2024-05
ORD-00221,CUST-1136,New,2024-03-24,2024-04-07,PROD-120,Bicycle,Under Armour,Sports,664.31,1,25,166.08,18,89.68,587.91,378.57,209.34,35.61,PayPal,Economy,Central,Nagpur,Processing,0,,2024-03
ORD-00222,CUST-1675,VIP,2024-06-22,2024-07-08,PROD-544,Sofa,IKEA,Home & Garden,544.96,4,0,0.0,18,392.37,2572.21,344.96,1192.37,46.36,Debit Card,Economy,Central,Bhopal,Delivered,0,4.9,2024-06
ORD-00223,CUST-3341,VIP,2024-12-04,2024-12-06,PROD-960,Smartphone,Sony,Electronics,568.99,2,10,113.8,18,184.35,1208.53,355.22,498.09,41.21,UPI,Same Day,Central,Indore,Delivered,0,2.6,2024-12
ORD-00224,CUST-1335,Returning,2024-04-12,2024-04-19,PROD-964,T-Shirt,Zara,Clothing,15.9,1,5,0.8,18,2.72,17.82,10.43,7.39,41.47,Credit Card,Standard,Central,Raipur,Delivered,0,4.1,2024-04
ORD-00225,CUST-2801,Returning,2024-07-08,2024-07-23,PROD-369,Bookshelf,Pottery Barn,Home & Garden,732.34,3,0,0.0,18,395.46,2592.48,447.07,1251.27,48.27,Debit Card,Economy,West,Ahmedabad,Delivered,0,2.6,2024-07
ORD-00226,CUST-3140,Returning,2025-01-22,2025-01-27,PROD-648,Board Game,Spin Master,Toys,18.66,1,0,0.0,18,3.36,22.02,11.51,10.51,47.73,COD,Express,Central,Raipur,Delivered,0,3.5,2025-01
ORD-00227,CUST-1684,Premium,2024-03-02,2024-03-16,PROD-927,Puzzle,Spin Master,Toys,107.22,4,5,21.44,18,73.34,480.78,50.37,279.3,58.09,Debit Card,Economy,North,Chandigarh,Returned,1,,2024-03
ORD-00228,CUST-2335,New,2024-06-12,2024-06-19,PROD-632,T-Shirt,H&M,Clothing,33.42,4,0,0.0,18,24.06,157.74,23.37,64.26,40.74,UPI,Standard,South,Hyderabad,Delivered,0,3.5,2024-06
ORD-00229,CUST-4605,New,2024-02-24,2024-03-03,PROD-998,LEGO Set,Spin Master,Toys,75.46,4,0,0.0,18,54.33,356.17,41.78,189.05,53.08,UPI,Standard,South,Bengaluru,Cancelled,0,,2024-02
ORD-00230,CUST-3828,Premium,2024-11-12,2024-11-26,PROD-150,Curtains,Pottery Barn,Home & Garden,879.01,4,0,0.0,18,632.89,4148.93,433.4,2415.33,58.22,COD,Economy,West,Ahmedabad,Delivered,0,4.7,2024-11
ORD-00231,CUST-4170,New,2025-03-20,2025-03-23,PROD-375,Running Shoes,Under Armour,Sports,43.87,3,5,6.58,18,22.51,147.54,22.82,79.08,53.6,COD,Express,West,Mumbai,Delivered,0,4.4,2025-03
ORD-00232,CUST-1268,New,2025-02-24,2025-03-05,PROD-826,Treadmill,Nike,Sports,241.76,2,25,120.88,18,65.28,427.92,133.4,161.12,37.65,Net Banking,Standard,West,Pune,Processing,0,,2025-02
ORD-00233,CUST-1815,New,2024-05-07,2024-05-15,PROD-477,Dumbbells,Reebok,Sports,1057.61,1,0,0.0,18,190.37,1247.98,526.89,721.09,57.78,Wallet,Standard,South,Bengaluru,Delivered,0,3.4,2024-05
ORD-00234,CUST-2943,VIP,2024-10-31,2024-11-14,PROD-664,Treadmill,Puma,Sports,769.78,1,20,153.96,18,110.85,726.67,352.28,374.39,51.52,PayPal,Economy,East,Guwahati,Returned,1,,2024-10
ORD-00235,CUST-2102,Returning,2025-03-13,2025-03-16,PROD-625,Dining Table,Wayfair,Home & Garden,1135.74,1,5,56.79,18,194.21,1273.16,518.88,754.28,59.24,Credit Card,Express,North,Chandigarh,Delivered,0,4.2,2025-03
ORD-00236,CUST-3632,New,2024-05-09,2024-05-12,PROD-533,Doll,Hasbro,Toys,63.2,2,20,25.28,18,18.2,119.32,31.18,56.96,47.74,UPI,Same Day,North,Chandigarh,Returned,1,,2024-05
ORD-00237,CUST-4454,New,2024-10-26,2024-11-02,PROD-674,Board Game,Fisher-Price,Toys,39.22,4,5,7.84,18,26.83,175.87,24.29,78.71,44.75,COD,Standard,Central,Raipur,Delivered,0,4.2,2024-10
ORD-00238,CUST-4900,New,2025-03-17,2025-03-19,PROD-292,Foundation,MAC,Beauty,51.79,1,10,5.18,18,8.39,55.0,24.13,30.87,56.13,Debit Card,Same Day,East,Patna,Shipped,0,,2025-03
ORD-00239,CUST-2590,Regular,2024-12-01,2024-12-16,PROD-697,Lipstick,L'Oreal,Beauty,122.76,5,10,61.38,18,99.44,651.86,75.51,274.31,42.08,COD,Economy,South,Bengaluru,Delivered,0,3.5,2024-12
ORD-00240,CUST-4590,VIP,2024-09-16,2024-09-17,PROD-285,Lipstick,MAC,Beauty,111.72,2,20,44.69,18,32.17,210.92,65.21,80.5,38.17,PayPal,Same Day,West,Pune,Processing,0,,2024-09
ORD-00241,CUST-2257,Returning,2024-04-23,2024-04-24,PROD-907,Smartwatch,Apple,Electronics,1532.65,5,25,1915.81,18,1034.54,6781.98,1039.38,1585.08,23.37,PayPal,Same Day,East,Kolkata,Shipped,0,,2024-04
ORD-00242,CUST-3170,New,2024-08-29,2024-09-03,PROD-523,Bed Frame,West Elm,Home & Garden,475.67,1,10,47.57,18,77.06,505.16,220.43,284.73,56.36,Credit Card,Express,Central,Bhopal,Delivered,0,4.2,2024-08
ORD-00243,CUST-1724,New,2024-06-10,2024-06-13,PROD-749,Action Figure,LEGO,Toys,119.17,3,10,35.75,18,57.92,379.68,83.04,130.56,34.39,Credit Card,Express,West,Ahmedabad,Delivered,0,4.1,2024-06
ORD-00244,CUST-2955,Returning,2024-03-07,2024-03-23,PROD-104,Smartwatch,Sony,Electronics,575.89,2,15,172.77,18,176.22,1155.23,369.22,416.79,36.08,Credit Card,Economy,West,Mumbai,Delivered,0,3.6,2024-03
ORD-00245,CUST-1926,New,2024-12-12,2024-12-21,PROD-419,Lipstick,MAC,Beauty,143.01,3,25,107.26,18,57.92,379.69,94.14,97.27,25.62,Debit Card,Standard,South,Bengaluru,Shipped,0,,2024-12
ORD-00246,CUST-1548,New,2024-08-21,2024-08-23,PROD-601,Smartwatch,Bose,Electronics,1258.61,2,0,0.0,18,453.1,2970.32,825.6,1319.12,44.41,PayPal,Same Day,East,Patna,Cancelled,0,,2024-08
ORD-00247,CUST-3912,Regular,2025-01-10,2025-01-19,PROD-484,Action Figure,LEGO,Toys,114.39,4,0,0.0,18,82.36,539.92,58.01,307.88,57.02,COD,Standard,South,Chennai,Delivered,0,2.8,2025-01
ORD-00248,CUST-2035,Returning,2024-12-19,2024-12-27,PROD-818,Bookshelf,West Elm,Home & Garden,953.17,5,0,0.0,18,857.85,5623.7,586.67,2690.35,47.84,Debit Card,Standard,North,Delhi,Delivered,0,2.8,2024-12
ORD-00249,CUST-1482,New,2024-08-02,2024-08-11,PROD-216,Formal Shoes,Nike,Clothing,85.76,1,20,17.15,18,12.35,80.96,49.75,31.21,38.55,Wallet,Standard,Central,Nagpur,Shipped,0,,2024-08
ORD-00250,CUST-4728,Premium,2024-12-26,2025-01-10,PROD-804,Smartwatch,Apple,Electronics,1295.2,3,25,971.4,18,524.56,3438.76,752.23,1182.07,34.37,UPI,Economy,South,Hyderabad,Delivered,0,3.9,2024-12
ORD-00251,CUST-4705,New,2024-02-16,2024-02-25,PROD-759,Dining Table,IKEA,Home & Garden,67.5,1,0,0.0,18,12.15,79.65,44.47,35.18,44.17,Debit Card,Standard,West,Ahmedabad,Shipped,0,,2024-02
ORD-00252,CUST-1389,Regular,2024-07-03,2024-07-05,PROD-109,Running Shoes,Under Armour,Sports,567.85,1,25,141.96,18,76.66,502.55,280.33,222.22,44.22,Wallet,Same Day,North,Lucknow,Shipped,0,,2024-07
ORD-00253,CUST-2869,New,2025-02-21,2025-02-22,PROD-955,Formal Shoes,Adidas,Clothing,92.24,4,15,55.34,18,56.45,370.07,47.7,179.27,48.44,UPI,Same Day,North,Lucknow,Delivered,0,3.5,2025-02
ORD-00254,CUST-2794,Premium,2024-02-23,2024-03-10,PROD-725,Textbook,Scholastic,Books,54.72,2,0,0.0,18,19.7,129.14,26.44,76.26,59.05,UPI,Economy,North,Chandigarh,Delivered,0,3.9,2024-02
ORD-00255,CUST-3885,VIP,2024-08-13,2024-08-20,PROD-885,Board Game,Spin Master,Toys,15.11,2,10,3.02,18,4.9,32.1,10.28,11.54,35.95,COD,Standard,North,Jaipur,Delivered,0,3.3,2024-08
ORD-00256,CUST-2576,Premium,2024-08-09,2024-08-13,PROD-959,Hair Dryer,Neutrogena,Beauty,41.36,3,15,18.61,18,18.98,124.45,24.02,52.39,42.1,Wallet,Express,Central,Bhopal,Delivered,0,4.2,2024-08
ORD-00257,CUST-1206,VIP,2024-02-08,2024-02-23,PROD-328,Foundation,L'Oreal,Beauty,11.63,2,15,3.49,18,3.56,23.33,7.7,7.93,33.99,Net Banking,Economy,West,Ahmedabad,Delivered,0,4.9,2024-02
ORD-00258,CUST-4052,Regular,2024-02-15,2024-03-01,PROD-205,Textbook,Scholastic,Books,66.83,1,10,6.68,18,10.83,70.98,37.49,33.49,47.18,UPI,Economy,Central,Raipur,Delivered,0,5.0,2024-02
ORD-00259,CUST-4892,New,2025-03-31,2025-04-05,PROD-472,Yoga Mat,Reebok,Sports,667.94,1,25,166.99,18,90.17,591.12,401.47,189.65,32.08,Wallet,Express,Central,Indore,Shipped,0,,2025-03
ORD-00260,CUST-3698,Premium,2025-01-01,2025-01-04,PROD-102,Speaker,Apple,Electronics,1718.77,3,15,773.45,18,788.91,5171.77,1103.2,1862.17,36.01,PayPal,Same Day,Central,Raipur,Delivered,0,2.7,2025-01
ORD-00261,CUST-1494,Returning,2024-03-12,2024-03-26,PROD-320,Bookshelf,Wayfair,Home & Garden,843.7,3,20,506.22,18,364.48,2389.36,402.09,1183.09,49.51,UPI,Economy,South,Kochi,Delivered,0,3.0,2024-03
ORD-00262,CUST-4916,VIP,2025-01-30,2025-02-14,PROD-237,Action Figure,Mattel,Toys,23.64,4,0,0.0,18,17.02,111.58,16.11,47.14,42.25,UPI,Economy,Central,Bhopal,Shipped,0,,2025-01
ORD-00263,CUST-1424,Returning,2024-12-20,2024-12-25,PROD-773,Headphones,Samsung,Electronics,1194.81,4,25,1194.81,18,645.2,4229.63,712.44,1379.87,32.62,Net Banking,Express,Central,Nagpur,Processing,0,,2024-12
ORD-00264,CUST-2690,VIP,2024-07-22,2024-07-24,PROD-816,Perfume,Neutrogena,Beauty,133.39,4,15,80.03,18,81.64,535.17,90.57,172.89,32.31,COD,Same Day,South,Hyderabad,Delivered,0,2.8,2024-07
ORD-00265,CUST-4994,Premium,2024-12-17,2024-12-20,PROD-615,Perfume,Neutrogena,Beauty,130.5,5,20,130.5,18,93.96,615.96,65.82,286.86,46.57,Net Banking,Same Day,South,Hyderabad,Delivered,0,4.3,2024-12
ORD-00266,CUST-1595,Regular,2025-03-25,2025-04-08,PROD-786,Cookbook,Penguin,Books,62.78,5,10,31.39,18,50.85,333.36,37.4,146.36,43.9,Credit Card,Economy,West,Pune,Delivered,0,2.6,2025-03
ORD-00267,CUST-1419,VIP,2025-01-20,2025-01-28,PROD-988,Dress,Adidas,Clothing,246.13,3,0,0.0,18,132.91,871.3,162.41,384.07,44.08,COD,Standard,East,Bhubaneswar,Processing,0,,2025-01
ORD-00268,CUST-4996,New,2024-07-14,2024-07-29,PROD-665,Children Book,HarperCollins,Books,61.45,5,10,30.73,18,49.77,326.29,31.3,169.79,52.04,Credit Card,Economy,East,Kolkata,Returned,1,,2024-07
ORD-00269,CUST-1305,Premium,2025-02-01,2025-02-05,PROD-277,Camera,Sony,Electronics,564.56,4,25,564.56,18,304.86,1998.54,285.89,854.98,42.78,COD,Express,East,Bhubaneswar,Delivered,0,5.0,2025-02
ORD-00270,CUST-1634,Regular,2024-01-03,2024-01-05,PROD-257,Moisturizer,NYX,Beauty,15.69,3,15,7.06,18,7.2,47.21,8.1,22.91,48.53,PayPal,Same Day,South,Hyderabad,Shipped,0,,2024-01
ORD-00271,CUST-1279,VIP,2024-02-07,2024-02-10,PROD-263,Moisturizer,Neutrogena,Beauty,128.04,3,10,38.41,18,62.23,407.94,82.9,159.24,39.04,UPI,Same Day,Central,Indore,Delivered,0,3.0,2024-02
ORD-00272,CUST-4373,Regular,2024-05-30,2024-06-04,PROD-217,Foundation,NYX,Beauty,22.87,2,0,0.0,18,8.23,53.97,14.08,25.81,47.82,COD,Express,East,Patna,Delivered,0,5.0,2024-05
ORD-00273,CUST-1101,VIP,2024-07-14,2024-07-22,PROD-941,Curtains,Ashley,Home & Garden,1361.42,5,15,1021.07,18,1041.49,6827.52,695.63,3349.37,49.06,Wallet,Standard,North,Lucknow,Delivered,0,4.3,2024-07
ORD-00274,CUST-3203,VIP,2024-09-20,2024-09-27,PROD-107,Lamp,West Elm,Home & Garden,695.5,1,5,34.77,18,118.93,779.66,469.16,310.5,39.83,COD,Standard,South,Hyderabad,Delivered,0,4.9,2024-09
ORD-00275,CUST-1097,Returning,2024-11-27,2024-12-06,PROD-834,Laptop,Apple,Electronics,1755.91,4,25,1755.91,18,948.19,6215.92,835.78,2872.8,46.22,PayPal,Standard,Central,Raipur,Shipped,0,,2024-11
ORD-00276,CUST-1069,Returning,2024-07-27,2024-08-11,PROD-789,Smartphone,Samsung,Electronics,296.68,3,15,133.51,18,136.18,892.71,138.73,476.52,53.38,Credit Card,Economy,South,Hyderabad,Delivered,0,3.6,2024-07
ORD-00277,CUST-2234,VIP,2024-09-14,2024-09-22,PROD-188,Moisturizer,Neutrogena,Beauty,18.85,5,0,0.0,18,16.96,111.21,11.79,52.26,46.99,PayPal,Standard,North,Lucknow,Processing,0,,2024-09
ORD-00278,CUST-2220,New,2025-01-17,2025-02-02,PROD-111,Puzzle,Fisher-Price,Toys,54.67,1,10,5.47,18,8.86,58.06,26.74,31.32,53.94,Net Banking,Economy,South,Chennai,Delivered,0,4.1,2025-01
ORD-00279,CUST-3973,New,2024-06-05,2024-06-10,PROD-316,Remote Car,LEGO,Toys,25.31,1,15,3.8,18,3.87,25.38,15.16,10.22,40.27,UPI,Express,Central,Bhopal,Shipped,0,,2024-06
ORD-00280,CUST-2190,Regular,2024-04-02,2024-04-11,PROD-356,Children Book,HarperCollins,Books,19.59,2,15,5.88,18,5.99,39.29,12.9,13.49,34.33,Credit Card,Standard,South,Bengaluru,Delivered,0,3.9,2024-04
ORD-00281,CUST-3524,New,2024-05-25,2024-06-01,PROD-810,Formal Shoes,Levi's,Clothing,129.49,3,5,19.42,18,66.43,435.48,62.42,248.22,57.0,Net Banking,Standard,South,Bengaluru,Delivered,0,3.6,2024-05
ORD-00282,CUST-2786,New,2025-02-06,2025-02-11,PROD-960,Sneakers,Levi's,Clothing,100.66,3,10,30.2,18,48.92,320.7,49.54,172.08,53.66,PayPal,Express,East,Bhubaneswar,Shipped,0,,2025-02
ORD-00283,CUST-2149,Premium,2024-10-09,2024-10-16,PROD-651,Formal Shoes,Zara,Clothing,221.3,4,10,88.52,18,143.4,940.08,119.43,462.36,49.18,Debit Card,Standard,East,Guwahati,Delivered,0,2.7,2024-10
ORD-00284,CUST-3210,Returning,2025-01-28,2025-01-31,PROD-769,Rug,IKEA,Home & Garden,1104.49,1,25,276.12,18,149.11,977.48,637.06,340.42,34.83,Wallet,Express,North,Jaipur,Delivered,0,3.9,2025-01
ORD-00285,CUST-1978,VIP,2024-09-13,2024-09-21,PROD-800,Dress,H&M,Clothing,67.48,5,20,67.48,18,48.59,318.51,44.83,94.36,29.63,Debit Card,Standard,South,Kochi,Delivered,0,2.5,2024-09
ORD-00286,CUST-1949,Regular,2024-07-02,2024-07-09,PROD-370,Remote Car,LEGO,Toys,60.19,2,15,18.06,18,18.42,120.74,41.36,38.02,31.49,PayPal,Standard,South,Kochi,Shipped,0,,2024-07
ORD-00287,CUST-3135,New,2024-01-21,2024-01-22,PROD-954,T-Shirt,Adidas,Clothing,136.7,3,10,41.01,18,66.44,435.53,77.57,202.82,46.57,COD,Same Day,West,Mumbai,Shipped,0,,2024-01
ORD-00288,CUST-1912,VIP,2024-09-21,2024-09-23,PROD-515,Lamp,West Elm,Home & Garden,876.3,4,20,701.04,18,504.75,3308.91,477.26,1399.87,42.31,PayPal,Same Day,Central,Bhopal,Returned,1,,2024-09
ORD-00289,CUST-1615,Premium,2024-03-25,2024-03-28,PROD-261,Board Game,Fisher-Price,Toys,97.61,5,0,0.0,18,87.85,575.9,56.17,295.05,51.23,PayPal,Express,South,Kochi,Delivered,0,3.2,2024-03
ORD-00290,CUST-4413,Returning,2024-12-11,2024-12-26,PROD-122,Hair Dryer,L'Oreal,Beauty,102.56,4,25,102.56,18,55.38,363.06,54.62,144.58,39.82,Debit Card,Economy,North,Jaipur,Delivered,0,2.9,2024-12
ORD-00291,CUST-3116,Returning,2024-01-29,2024-02-02,PROD-713,Laptop,Bose,Electronics,1265.23,2,20,506.09,18,364.39,2388.76,731.51,925.74,38.75,Net Banking,Express,Central,Nagpur,Cancelled,0,,2024-01
ORD-00292,CUST-4360,Premium,2024-03-28,2024-04-01,PROD-738,Fiction Novel,Random House,Books,76.2,2,10,15.24,18,24.69,161.85,45.84,70.17,43.35,COD,Express,West,Surat,Delivered,0,4.5,2024-03
ORD-00293,CUST-4520,VIP,2024-07-12,2024-07-26,PROD-800,Perfume,Maybelline,Beauty,111.39,3,10,33.42,18,54.13,354.88,66.74,154.66,43.58,UPI,Economy,North,Chandigarh,Delivered,0,3.0,2024-07
ORD-00294,CUST-4389,Regular,2024-02-17,2024-03-04,PROD-893,Action Figure,Spin Master,Toys,22.4,4,15,13.44,18,13.71,89.87,13.44,36.11,40.18,COD,Economy,Central,Bhopal,Delivered,0,4.0,2024-02
ORD-00295,CUST-4119,VIP,2025-02-08,2025-02-23,PROD-200,Textbook,Simon & Schuster,Books,38.29,1,20,7.66,18,5.51,36.14,22.3,13.84,38.3,UPI,Economy,South,Kochi,Delivered,0,4.4,2025-02
ORD-00296,CUST-4233,Regular,2024-05-11,2024-05-14,PROD-691,Dress,H&M,Clothing,194.98,1,5,9.75,18,33.34,218.57,116.9,101.67,46.52,Net Banking,Express,Central,Raipur,Shipped,0,,2024-05
ORD-00297,CUST-2038,New,2024-02-24,2024-02-28,PROD-975,Headphones,Samsung,Electronics,874.05,2,20,349.62,18,251.73,1650.21,569.07,512.07,31.03,Net Banking,Express,West,Pune,Shipped,0,,2024-02
ORD-00298,CUST-2256,VIP,2024-04-01,2024-04-04,PROD-452,Treadmill,Under Armour,Sports,742.02,4,25,742.02,18,400.69,2626.75,371.7,1139.95,43.4,Wallet,Same Day,Central,Raipur,Delivered,0,3.1,2024-04
ORD-00299,CUST-3515,Regular,2024-04-19,2024-05-04,PROD-264,Textbook,HarperCollins,Books,69.56,1,20,13.91,18,10.02,65.67,35.3,30.37,46.25,UPI,Economy,South,Bengaluru,Processing,0,,2024-04
ORD-00300,CUST-4812,Returning,2024-04-23,2024-04-24,PROD-728,Fiction Novel,Penguin,Books,67.27,4,15,40.36,18,41.17,269.89,37.59,119.53,44.29,COD,Same Day,North,Lucknow,Delivered,0,4.3,2024-04
ORD-00301,CUST-3112,Premium,2025-03-11,2025-03-12,PROD-729,Perfume,Neutrogena,Beauty,18.04,2,20,7.22,18,5.19,34.05,10.35,13.35,39.21,Debit Card,Same Day,North,Chandigarh,Delivered,0,4.0,2025-03
ORD-00302,CUST-4018,Regular,2024-06-29,2024-07-14,PROD-192,Fiction Novel,Random House,Books,25.23,1,0,0.0,18,4.54,29.77,11.9,17.87,60.03,Net Banking,Economy,East,Guwahati,Delivered,0,3.8,2024-06
ORD-00303,CUST-3354,Regular,2024-11-06,2024-11-10,PROD-367,Rug,West Elm,Home & Garden,1376.68,3,5,206.5,18,706.24,4629.78,951.04,1776.66,38.37,Debit Card,Express,East,Bhubaneswar,Cancelled,0,,2024-11
ORD-00304,CUST-2980,Premium,2025-03-24,2025-03-27,PROD-875,Treadmill,Nike,Sports,679.18,5,5,169.79,18,580.7,3806.81,363.36,1990.01,52.28,PayPal,Same Day,North,Lucknow,Delivered,0,3.4,2025-03
ORD-00305,CUST-4277,New,2024-11-20,2024-11-25,PROD-522,Puzzle,Fisher-Price,Toys,108.82,1,10,10.88,18,17.63,115.57,52.13,63.44,54.89,PayPal,Express,North,Jaipur,Shipped,0,,2024-11
ORD-00306,CUST-3349,New,2024-02-08,2024-02-12,PROD-287,Foundation,L'Oreal,Beauty,108.11,3,0,0.0,18,58.38,382.71,56.41,213.48,55.78,COD,Express,West,Pune,Delivered,0,3.0,2024-02
ORD-00307,CUST-2458,Premium,2024-04-27,2024-04-30,PROD-897,Self-Help Book,Scholastic,Books,61.07,2,20,24.43,18,17.59,115.3,31.18,52.94,45.92,Credit Card,Express,East,Bhubaneswar,Processing,0,,2024-04
ORD-00308,CUST-3093,New,2024-09-09,2024-09-11,PROD-507,Smartphone,LG,Electronics,1303.89,5,0,0.0,18,1173.5,7692.95,863.18,3377.05,43.9,Debit Card,Same Day,East,Patna,Delivered,0,4.4,2024-09
ORD-00309,CUST-3860,VIP,2024-07-20,2024-07-24,PROD-571,Remote Car,LEGO,Toys,17.85,4,10,7.14,18,11.57,75.83,12.23,26.91,35.49,PayPal,Express,North,Lucknow,Returned,1,,2024-07
ORD-00310,CUST-2405,New,2024-04-05,2024-04-06,PROD-288,Fiction Novel,Penguin,Books,56.54,4,15,33.92,18,34.6,226.84,26.87,119.36,52.62,UPI,Same Day,East,Patna,Delivered,0,4.9,2024-04
ORD-00311,CUST-4334,Regular,2024-04-02,2024-04-07,PROD-838,Dumbbells,Puma,Sports,846.84,3,5,127.03,18,434.43,2847.92,561.95,1162.07,40.8,PayPal,Express,East,Guwahati,Shipped,0,,2024-04
ORD-00312,CUST-4658,VIP,2025-02-16,2025-02-23,PROD-646,Action Figure,Spin Master,Toys,58.68,4,0,0.0,18,42.25,276.97,28.55,162.77,58.77,COD,Standard,South,Kochi,Delivered,0,2.8,2025-02
ORD-00313,CUST-4436,Regular,2024-12-19,2024-12-22,PROD-560,Bookshelf,Pottery Barn,Home & Garden,484.35,5,25,605.44,18,326.94,2143.25,286.72,709.65,33.11,COD,Express,West,Mumbai,Delivered,0,3.1,2024-12
ORD-00314,CUST-1814,VIP,2024-03-03,2024-03-06,PROD-689,Bed Frame,Wayfair,Home & Garden,571.8,5,25,714.75,18,385.96,2530.21,294.15,1059.46,41.87,COD,Same Day,North,Jaipur,Returned,1,,2024-03
ORD-00315,CUST-3587,Premium,2025-01-31,2025-02-14,PROD-989,Children Book,HarperCollins,Books,78.51,3,5,11.78,18,40.27,264.02,41.71,138.89,52.61,Debit Card,Economy,Central,Raipur,Delivered,0,3.2,2025-01
ORD-00316,CUST-3909,New,2024-03-23,2024-03-24,PROD-719,Cookbook,Scholastic,Books,53.45,5,10,26.73,18,43.29,283.81,35.4,106.81,37.63,COD,Same Day,North,Delhi,Delivered,0,4.1,2024-03
ORD-00317,CUST-2030,Regular,2024-03-26,2024-03-29,PROD-315,Running Shoes,Puma,Sports,941.55,3,20,564.93,18,406.75,2666.47,561.85,980.92,36.79,Debit Card,Express,West,Surat,Delivered,0,3.1,2024-03
ORD-00318,CUST-4626,Returning,2024-02-23,2024-02-26,PROD-416,Yoga Mat,Nike,Sports,95.28,4,15,57.17,18,58.31,382.26,44.16,205.62,53.79,Debit Card,Same Day,West,Mumbai,Delivered,0,4.1,2024-02
ORD-00319,CUST-2913,VIP,2024-01-18,2024-01-20,PROD-378,Formal Shoes,Zara,Clothing,119.14,2,0,0.0,18,42.89,281.17,69.3,142.57,50.71,Net Banking,Same Day,South,Bengaluru,Cancelled,0,,2024-01
ORD-00320,CUST-1366,Returning,2024-09-25,2024-09-27,PROD-415,Dumbbells,Reebok,Sports,228.9,5,10,114.45,18,185.41,1215.46,139.12,519.86,42.77,PayPal,Same Day,Central,Raipur,Delivered,0,3.1,2024-09
ORD-00321,CUST-4878,Returning,2024-05-26,2024-06-11,PROD-406,Running Shoes,Adidas,Sports,378.22,1,15,56.73,18,57.87,379.36,247.3,132.06,34.81,Credit Card,Economy,South,Hyderabad,Delivered,0,4.8,2024-05
ORD-00322,CUST-3645,Returning,2024-07-21,2024-07-24,PROD-948,Puzzle,Mattel,Toys,76.48,1,15,11.47,18,11.7,76.71,41.56,35.15,45.82,UPI,Express,West,Surat,Shipped,0,,2024-07
ORD-00323,CUST-1559,New,2024-05-25,2024-05-27,PROD-213,Dress,Nike,Clothing,114.23,2,15,34.27,18,34.95,229.14,73.24,82.66,36.07,COD,Same Day,Central,Indore,Delivered,0,2.7,2024-05
ORD-00324,CUST-2155,New,2024-01-26,2024-02-02,PROD-228,Treadmill,Puma,Sports,341.12,5,10,170.56,18,276.31,1811.35,169.52,963.75,53.21,COD,Standard,North,Chandigarh,Returned,1,,2024-01
ORD-00325,CUST-2352,Regular,2024-06-08,2024-06-23,PROD-963,Tennis Racket,Nike,Sports,294.72,2,0,0.0,18,106.1,695.54,168.99,357.56,51.41,Wallet,Economy,East,Guwahati,Delivered,0,4.5,2024-06
ORD-00326,CUST-2019,Returning,2025-02-22,2025-03-08,PROD-889,T-Shirt,Zara,Clothing,197.28,1,15,29.59,18,30.18,197.87,111.96,85.91,43.42,UPI,Economy,South,Hyderabad,Delivered,0,4.4,2025-02
ORD-00327,CUST-4050,VIP,2024-07-18,2024-07-20,PROD-633,Formal Shoes,Nike,Clothing,61.81,1,15,9.27,18,9.46,62.0,38.11,23.89,38.53,Credit Card,Same Day,South,Kochi,Delivered,0,4.3,2024-07
ORD-00328,CUST-3394,Regular,2024-11-20,2024-12-05,PROD-505,Curtains,Wayfair,Home & Garden,337.35,1,25,84.34,18,45.54,298.55,208.03,90.52,30.32,Wallet,Economy,North,Chandigarh,Delivered,0,4.5,2024-11
ORD-00329,CUST-4812,Regular,2024-05-07,2024-05-11,PROD-161,T-Shirt,Nike,Clothing,151.55,4,20,121.24,18,87.29,572.25,90.79,209.09,36.54,PayPal,Express,East,Kolkata,Delivered,0,4.0,2024-05
ORD-00330,CUST-2467,Premium,2025-02-16,2025-03-04,PROD-356,Self-Help Book,Simon & Schuster,Books,64.99,2,10,13.0,18,21.06,138.04,33.03,71.98,52.14,Credit Card,Economy,Central,Indore,Delivered,0,4.2,2025-02
ORD-00331,CUST-2127,VIP,2024-10-05,2024-10-07,PROD-981,Tennis Racket,Puma,Sports,679.65,5,20,679.65,18,489.35,3207.95,389.12,1262.35,39.35,Net Banking,Same Day,Central,Nagpur,Shipped,0,,2024-10
ORD-00332,CUST-4509,New,2024-01-01,2024-01-17,PROD-894,T-Shirt,Levi's,Clothing,51.43,3,25,38.57,18,20.83,136.55,26.53,56.96,41.71,Net Banking,Economy,East,Guwahati,Delivered,0,2.5,2024-01
ORD-00333,CUST-2319,Regular,2025-01-27,2025-02-01,PROD-198,Dress,Nike,Clothing,169.7,5,25,212.12,18,114.55,750.93,92.8,286.93,38.21,Net Banking,Express,Central,Raipur,Delivered,0,3.5,2025-01
ORD-00334,CUST-2591,Returning,2024-09-05,2024-09-08,PROD-638,Fiction Novel,Penguin,Books,68.13,2,0,0.0,18,24.53,160.79,45.54,69.71,43.35,Net Banking,Express,South,Bengaluru,Delivered,0,4.1,2024-09
ORD-00335,CUST-2478,VIP,2024-12-01,2024-12-15,PROD-861,Children Book,Random House,Books,11.53,2,15,3.46,18,3.53,23.13,7.26,8.61,37.22,UPI,Economy,North,Chandigarh,Delivered,0,4.1,2024-12
ORD-00336,CUST-3177,Returning,2024-02-09,2024-02-14,PROD-294,Board Game,Hasbro,Toys,100.95,3,15,45.43,18,46.34,303.76,46.45,164.41,54.12,Debit Card,Express,North,Lucknow,Delivered,0,4.3,2024-02
ORD-00337,CUST-4616,Regular,2025-01-27,2025-01-30,PROD-270,Hair Dryer,Maybelline,Beauty,89.8,2,15,26.94,18,27.48,180.14,57.23,65.68,36.46,Wallet,Same Day,West,Mumbai,Delivered,0,4.2,2025-01
ORD-00338,CUST-4383,New,2024-06-10,2024-06-12,PROD-723,Sneakers,H&M,Clothing,133.6,2,15,40.08,18,40.88,268.0,93.47,81.06,30.25,Debit Card,Same Day,West,Pune,Delivered,0,4.1,2024-06
ORD-00339,CUST-1066,VIP,2024-07-22,2024-07-31,PROD-238,Foundation,Maybelline,Beauty,62.51,5,20,62.51,18,45.01,295.05,32.1,134.55,45.6,PayPal,Standard,West,Surat,Delivered,0,3.2,2024-07
ORD-00340,CUST-2503,VIP,2024-02-18,2024-02-26,PROD-355,Tablet,Apple,Electronics,585.68,3,0,0.0,18,316.27,2073.31,376.52,943.75,45.52,Debit Card,Standard,East,Bhubaneswar,Delivered,0,2.8,2024-02
ORD-00341,CUST-3878,VIP,2025-02-09,2025-02-23,PROD-939,Bookshelf,Wayfair,Home & Garden,182.35,4,15,109.41,18,111.6,731.59,123.9,235.99,32.26,Credit Card,Economy,North,Lucknow,Delivered,0,4.7,2025-02
ORD-00342,CUST-1493,Premium,2024-06-27,2024-07-12,PROD-865,Hair Dryer,MAC,Beauty,15.23,5,10,7.62,18,12.34,80.87,7.15,45.12,55.79,COD,Economy,North,Lucknow,Returned,1,,2024-06
ORD-00343,CUST-1206,Returning,2024-10-03,2024-10-07,PROD-556,Remote Car,Hasbro,Toys,80.46,4,0,0.0,18,57.93,379.77,42.34,210.41,55.4,Wallet,Express,North,Lucknow,Delivered,0,3.1,2024-10
ORD-00344,CUST-2635,New,2024-06-21,2024-06-29,PROD-187,Foundation,Neutrogena,Beauty,22.61,4,5,4.52,18,15.47,101.39,14.62,42.91,42.32,UPI,Standard,South,Chennai,Delivered,0,2.6,2024-06
ORD-00345,CUST-2324,VIP,2024-10-14,2024-10-17,PROD-191,Sunscreen,Maybelline,Beauty,116.68,4,15,70.01,18,71.41,468.12,58.28,235.0,50.2,Credit Card,Express,West,Ahmedabad,Delivered,0,4.4,2024-10
ORD-00346,CUST-4288,Returning,2024-03-27,2024-03-30,PROD-738,Textbook,Scholastic,Books,34.3,2,5,3.43,18,11.73,76.9,18.39,40.12,52.17,Debit Card,Same Day,North,Lucknow,Processing,0,,2024-03
ORD-00347,CUST-4795,Premium,2025-01-13,2025-01-20,PROD-989,Yoga Mat,Adidas,Sports,255.63,3,0,0.0,18,138.04,904.93,163.46,414.55,45.81,Wallet,Standard,North,Delhi,Returned,1,,2025-01
ORD-00348,CUST-3247,Returning,2024-04-17,2024-04-20,PROD-737,Board Game,Hasbro,Toys,49.07,1,5,2.45,18,8.39,55.01,27.6,27.41,49.83,COD,Express,North,Lucknow,Delivered,0,4.4,2024-04
ORD-00349,CUST-1272,Returning,2024-04-12,2024-04-13,PROD-776,Formal Shoes,Nike,Clothing,103.5,5,0,0.0,18,93.15,610.65,53.18,344.75,56.46,PayPal,Same Day,North,Lucknow,Delivered,0,4.9,2024-04
ORD-00350,CUST-3050,Returning,2024-06-10,2024-06-26,PROD-674,Cookbook,Penguin,Books,9.37,4,0,0.0,18,6.75,44.23,6.51,18.19,41.13,COD,Economy,Central,Bhopal,Delivered,0,3.0,2024-06
ORD-00351,CUST-3053,New,2024-06-26,2024-06-28,PROD-931,Smartphone,Apple,Electronics,1859.09,3,5,278.86,18,953.71,6252.12,1064.3,3059.22,48.93,Credit Card,Same Day,South,Bengaluru,Delivered,0,3.1,2024-06
ORD-00352,CUST-3132,VIP,2024-06-23,2024-07-09,PROD-993,Cookbook,Scholastic,Books,72.11,1,15,10.82,18,11.03,72.32,49.56,22.76,31.47,COD,Economy,South,Chennai,Delivered,0,4.3,2024-06
ORD-00353,CUST-3379,VIP,2024-08-17,2024-08-20,PROD-800,Self-Help Book,Scholastic,Books,25.31,2,10,5.06,18,8.2,53.76,17.53,18.7,34.78,Wallet,Express,Central,Indore,Shipped,0,,2024-08
ORD-00354,CUST-1754,New,2024-06-11,2024-06-20,PROD-959,Hoodie,Adidas,Clothing,87.61,5,0,0.0,18,78.85,516.9,48.84,272.7,52.76,Debit Card,Standard,South,Chennai,Delivered,0,4.3,2024-06
ORD-00355,CUST-3506,VIP,2025-02-02,2025-02-05,PROD-373,Fiction Novel,Random House,Books,71.37,4,10,28.55,18,46.25,303.18,37.53,153.06,50.48,Net Banking,Express,East,Bhubaneswar,Delivered,0,2.6,2025-02
ORD-00356,CUST-2587,Returning,2024-03-09,2024-03-25,PROD-585,Foundation,Maybelline,Beauty,93.49,2,20,37.4,18,26.92,176.5,42.68,91.14,51.64,Debit Card,Economy,North,Jaipur,Delivered,0,3.0,2024-03
ORD-00357,CUST-2799,VIP,2025-01-22,2025-01-25,PROD-601,Jeans,Adidas,Clothing,22.57,1,5,1.13,18,3.86,25.3,15.52,9.78,38.66,COD,Express,South,Chennai,Delivered,0,4.9,2025-01
ORD-00358,CUST-3432,VIP,2025-01-03,2025-01-05,PROD-637,Bookshelf,Pottery Barn,Home & Garden,1336.89,4,10,534.76,18,866.3,5679.1,861.03,2234.98,39.35,COD,Same Day,Central,Raipur,Delivered,0,4.4,2025-01
ORD-00359,CUST-4942,Regular,2025-01-11,2025-01-20,PROD-294,Fiction Novel,Simon & Schuster,Books,15.87,4,25,15.87,18,8.57,56.18,10.62,13.7,24.39,PayPal,Standard,South,Kochi,Delivered,0,4.4,2025-01
ORD-00360,CUST-2850,Regular,2024-12-19,2024-12-23,PROD-839,Bicycle,Under Armour,Sports,932.94,3,10,279.88,18,453.41,2972.35,458.65,1596.4,53.71,Net Banking,Express,East,Kolkata,Processing,0,,2024-12
ORD-00361,CUST-1827,Returning,2024-01-13,2024-01-17,PROD-192,Laptop,Bose,Electronics,1887.12,5,0,0.0,18,1698.41,11134.01,1034.65,5960.76,53.54,PayPal,Express,East,Guwahati,Delivered,0,4.3,2024-01
ORD-00362,CUST-3095,VIP,2024-02-13,2024-02-29,PROD-263,Rug,Ashley,Home & Garden,1091.36,1,0,0.0,18,196.44,1287.8,522.26,765.54,59.45,UPI,Economy,West,Pune,Processing,0,,2024-02
ORD-00363,CUST-1210,Returning,2025-03-20,2025-03-23,PROD-415,Sunscreen,L'Oreal,Beauty,117.56,3,15,52.9,18,53.96,353.74,78.51,118.21,33.42,PayPal,Express,South,Chennai,Shipped,0,,2025-03
ORD-00364,CUST-3226,Regular,2024-01-07,2024-01-22,PROD-722,Textbook,Random House,Books,53.1,1,0,0.0,18,9.56,62.66,36.64,26.02,41.53,UPI,Economy,North,Lucknow,Cancelled,0,,2024-01
ORD-00365,CUST-1850,Regular,2024-05-05,2024-05-08,PROD-289,Jeans,Levi's,Clothing,169.98,4,10,67.99,18,110.15,722.08,95.27,341.0,47.22,Debit Card,Same Day,Central,Bhopal,Delivered,0,4.6,2024-05
ORD-00366,CUST-1660,New,2024-06-18,2024-06-25,PROD-725,Camera,Sony,Electronics,265.1,1,20,53.02,18,38.17,250.25,157.61,92.64,37.02,COD,Standard,Central,Indore,Delivered,0,5.0,2024-06
ORD-00367,CUST-1277,Returning,2024-02-17,2024-02-19,PROD-963,Children Book,Simon & Schuster,Books,64.69,2,10,12.94,18,20.96,137.4,41.23,54.94,39.99,Net Banking,Same Day,East,Kolkata,Delivered,0,3.4,2024-02
ORD-00368,CUST-3576,VIP,2024-12-22,2024-12-27,PROD-189,Tablet,LG,Electronics,441.18,3,5,66.18,18,226.32,1483.68,256.66,713.7,48.1,UPI,Express,Central,Nagpur,Delivered,0,3.9,2024-12
ORD-00369,CUST-3038,Returning,2024-03-07,2024-03-23,PROD-927,Children Book,Random House,Books,38.75,3,5,5.81,18,19.88,130.32,22.53,62.73,48.14,Debit Card,Economy,Central,Indore,Shipped,0,,2024-03
ORD-00370,CUST-4301,Premium,2025-02-13,2025-02-28,PROD-111,Lipstick,MAC,Beauty,147.1,1,0,0.0,18,26.48,173.58,67.08,106.5,61.35,COD,Economy,North,Chandigarh,Delivered,0,3.4,2025-02
ORD-00371,CUST-2398,Returning,2025-01-27,2025-02-03,PROD-841,Formal Shoes,Zara,Clothing,74.79,1,5,3.74,18,12.79,83.84,39.27,44.57,53.16,Net Banking,Standard,Central,Indore,Shipped,0,,2025-01
ORD-00372,CUST-4543,VIP,2024-11-26,2024-11-30,PROD-443,Moisturizer,Maybelline,Beauty,37.16,3,20,22.3,18,16.05,105.23,21.17,41.72,39.65,UPI,Express,West,Mumbai,Delivered,0,3.7,2024-11
ORD-00373,CUST-4443,Regular,2024-04-16,2024-04-18,PROD-447,Puzzle,Hasbro,Toys,102.19,3,15,45.99,18,46.9,307.48,64.51,113.95,37.06,UPI,Same Day,East,Kolkata,Delivered,0,2.9,2024-04
ORD-00374,CUST-1973,New,2024-12-29,2025-01-06,PROD-562,Children Book,HarperCollins,Books,49.11,4,0,0.0,18,35.36,231.8,29.41,114.16,49.25,Wallet,Standard,East,Patna,Delivered,0,3.7,2024-12
ORD-00375,CUST-1631,Premium,2024-08-15,2024-08-23,PROD-448,Dining Table,West Elm,Home & Garden,487.66,1,5,24.38,18,83.39,546.67,315.14,231.53,42.35,UPI,Standard,South,Bengaluru,Cancelled,0,,2024-08
ORD-00376,CUST-1474,Regular,2024-04-15,2024-04-23,PROD-418,Children Book,Random House,Books,63.84,2,25,31.92,18,17.24,113.0,42.64,27.72,24.53,Credit Card,Standard,Central,Nagpur,Delivered,0,4.7,2024-04
ORD-00377,CUST-2314,Premium,2024-10-22,2024-10-25,PROD-297,Children Book,Penguin,Books,32.0,1,0,0.0,18,5.76,37.76,18.56,19.2,50.85,PayPal,Same Day,East,Kolkata,Cancelled,0,,2024-10
ORD-00378,CUST-2110,Premium,2024-01-08,2024-01-15,PROD-821,Lamp,Wayfair,Home & Garden,1170.31,1,5,58.52,18,200.12,1311.91,570.33,741.58,56.53,Wallet,Standard,East,Kolkata,Delivered,0,3.9,2024-01
ORD-00379,CUST-1433,Returning,2024-01-26,2024-01-29,PROD-155,Lamp,Ashley,Home & Garden,297.52,3,15,133.88,18,136.56,895.24,200.25,294.49,32.9,Credit Card,Express,Central,Raipur,Delivered,0,4.2,2024-01
ORD-00380,CUST-3747,VIP,2024-06-08,2024-06-09,PROD-180,Bicycle,Adidas,Sports,851.52,5,20,851.52,18,613.09,4019.17,561.19,1213.22,30.19,Wallet,Same Day,West,Pune,Shipped,0,,2024-06
ORD-00381,CUST-3526,New,2024-04-28,2024-05-01,PROD-472,Puzzle,Spin Master,Toys,26.23,4,0,0.0,18,18.89,123.81,14.79,64.65,52.22,UPI,Express,West,Surat,Cancelled,0,,2024-04
ORD-00382,CUST-4145,New,2024-02-27,2024-02-29,PROD-718,Formal Shoes,Zara,Clothing,200.36,3,10,60.11,18,97.37,638.34,114.58,294.6,46.15,Net Banking,Same Day,North,Jaipur,Delivered,0,2.9,2024-02
ORD-00383,CUST-1998,VIP,2024-09-29,2024-10-14,PROD-262,Sneakers,Nike,Clothing,110.34,1,5,5.52,18,18.87,123.69,64.99,58.7,47.46,UPI,Economy,North,Lucknow,Delivered,0,3.1,2024-09
ORD-00384,CUST-1319,VIP,2024-10-05,2024-10-08,PROD-956,Yoga Mat,Under Armour,Sports,265.72,5,10,132.86,18,215.23,1410.97,171.68,552.57,39.16,UPI,Express,West,Pune,Shipped,0,,2024-10
ORD-00385,CUST-4159,Returning,2024-07-26,2024-08-04,PROD-435,Headphones,Bose,Electronics,1032.24,5,0,0.0,18,929.02,6090.22,676.64,2707.02,44.45,UPI,Standard,South,Hyderabad,Delivered,0,4.5,2024-07
ORD-00386,CUST-3367,Returning,2024-12-04,2024-12-08,PROD-300,Fiction Novel,Penguin,Books,23.67,2,15,7.1,18,7.24,47.48,16.0,15.48,32.6,Debit Card,Express,North,Chandigarh,Delivered,0,3.5,2024-12
ORD-00387,CUST-2655,Premium,2024-10-25,2024-11-03,PROD-972,Cookbook,Random House,Books,49.06,3,10,14.72,18,23.84,156.3,30.88,63.66,40.73,PayPal,Standard,East,Kolkata,Returned,1,,2024-10
ORD-00388,CUST-2614,New,2025-03-16,2025-03-17,PROD-828,Tablet,Bose,Electronics,1941.22,1,20,388.24,18,279.54,1832.52,1145.33,687.19,37.5,UPI,Same Day,East,Kolkata,Delivered,0,4.3,2025-03
ORD-00389,CUST-3744,Premium,2025-03-07,2025-03-09,PROD-237,Bicycle,Puma,Sports,663.24,2,10,132.65,18,214.89,1408.72,321.52,765.68,54.35,Credit Card,Same Day,Central,Raipur,Delivered,0,5.0,2025-03
ORD-00390,CUST-3848,VIP,2024-03-11,2024-03-26,PROD-535,Camera,Samsung,Electronics,458.19,4,20,366.55,18,263.92,1730.13,256.21,705.29,40.77,Net Banking,Economy,South,Bengaluru,Cancelled,0,,2024-03
ORD-00391,CUST-3916,VIP,2024-11-05,2024-11-14,PROD-375,Jacket,Levi's,Clothing,114.67,4,10,45.87,18,74.31,487.12,61.79,239.96,49.26,UPI,Standard,South,Kochi,Delivered,0,4.3,2024-11
ORD-00392,CUST-3156,New,2024-10-24,2024-11-09,PROD-576,Foundation,MAC,Beauty,14.68,1,15,2.2,18,2.25,14.73,8.38,6.35,43.11,Net Banking,Economy,East,Kolkata,Delivered,0,4.3,2024-10
ORD-00393,CUST-2859,VIP,2024-11-09,2024-11-17,PROD-580,Headphones,Bose,Electronics,358.2,4,20,286.56,18,206.32,1352.56,227.61,442.12,32.69,Net Banking,Standard,North,Lucknow,Delivered,0,2.5,2024-11
ORD-00394,CUST-3346,Regular,2025-01-07,2025-01-08,PROD-772,Cookbook,Scholastic,Books,33.41,3,5,5.01,18,17.14,112.36,16.43,63.07,56.13,PayPal,Same Day,Central,Indore,Delivered,0,3.9,2025-01
ORD-00395,CUST-1058,Regular,2024-05-09,2024-05-14,PROD-718,Doll,Spin Master,Toys,14.95,4,0,0.0,18,10.76,70.56,7.2,41.76,59.18,Debit Card,Express,North,Lucknow,Delivered,0,4.6,2024-05
ORD-00396,CUST-4962,Premium,2024-04-02,2024-04-10,PROD-709,Hair Dryer,Maybelline,Beauty,102.28,3,25,76.71,18,41.42,271.55,50.51,120.02,44.2,Wallet,Standard,South,Kochi,Returned,1,,2024-04
ORD-00397,CUST-1475,Regular,2024-04-17,2024-04-18,PROD-271,Hoodie,H&M,Clothing,191.9,4,25,191.9,18,103.63,679.33,104.74,260.37,38.33,UPI,Same Day,West,Ahmedabad,Delivered,0,4.4,2024-04
ORD-00398,CUST-1048,New,2024-05-14,2024-05-19,PROD-916,Bicycle,Under Armour,Sports,581.99,5,0,0.0,18,523.79,3433.74,317.16,1847.94,53.82,UPI,Express,West,Surat,Cancelled,0,,2024-05
ORD-00399,CUST-2045,VIP,2024-11-08,2024-11-10,PROD-500,Tennis Racket,Under Armour,Sports,1154.88,1,0,0.0,18,207.88,1362.76,784.66,578.1,42.42,UPI,Same Day,East,Guwahati,Delivered,0,4.5,2024-11
ORD-00400,CUST-2684,Regular,2024-06-09,2024-06-18,PROD-637,Doll,LEGO,Toys,91.31,5,25,114.14,18,61.63,404.04,45.54,176.34,43.64,Credit Card,Standard,East,Bhubaneswar,Delivered,0,2.7,2024-06
ORD-00401,CUST-1491,Regular,2024-01-30,2024-02-04,PROD-976,Textbook,Random House,Books,23.8,3,5,3.57,18,12.21,80.04,11.86,44.46,55.55,Net Banking,Express,North,Delhi,Delivered,0,4.3,2024-01
ORD-00402,CUST-4151,Returning,2024-08-27,2024-09-05,PROD-808,Jacket,Levi's,Clothing,203.75,2,0,0.0,18,73.35,480.85,127.12,226.61,47.13,COD,Standard,East,Patna,Delivered,0,5.0,2024-08
ORD-00403,CUST-2084,Premium,2024-06-19,2024-06-27,PROD-551,Board Game,Mattel,Toys,29.49,1,5,1.47,18,5.04,33.06,19.0,14.06,42.53,Credit Card,Standard,West,Surat,Returned,1,,2024-06
ORD-00404,CUST-1423,Regular,2024-11-10,2024-11-18,PROD-174,Dumbbells,Reebok,Sports,483.31,4,0,0.0,18,347.98,2281.22,234.87,1341.74,58.82,Credit Card,Standard,West,Ahmedabad,Shipped,0,,2024-11
ORD-00405,CUST-2602,VIP,2024-12-06,2024-12-21,PROD-103,Hair Dryer,MAC,Beauty,118.81,1,10,11.88,18,19.25,126.18,57.89,68.29,54.12,Net Banking,Economy,North,Delhi,Delivered,0,3.3,2024-12
ORD-00406,CUST-2640,Regular,2024-03-03,2024-03-05,PROD-747,Textbook,Scholastic,Books,39.4,1,15,5.91,18,6.03,39.52,19.95,19.57,49.52,COD,Same Day,West,Surat,Shipped,0,,2024-03
ORD-00407,CUST-2224,Returning,2024-03-31,2024-04-08,PROD-209,Tablet,Bose,Electronics,1735.02,3,0,0.0,18,936.91,6141.97,1145.63,2705.08,44.04,COD,Standard,East,Bhubaneswar,Shipped,0,,2024-03
ORD-00408,CUST-3635,New,2024-01-13,2024-01-17,PROD-611,Cookbook,Scholastic,Books,14.11,4,20,11.29,18,8.13,53.28,7.02,25.2,47.3,Net Banking,Express,North,Chandigarh,Delivered,0,4.5,2024-01
ORD-00409,CUST-2877,VIP,2024-03-01,2024-03-06,PROD-252,Puzzle,Hasbro,Toys,16.0,1,5,0.8,18,2.74,17.94,10.35,7.59,42.31,COD,Express,North,Jaipur,Shipped,0,,2024-03
ORD-00410,CUST-2258,Regular,2024-05-04,2024-05-07,PROD-567,Lipstick,L'Oreal,Beauty,15.16,2,10,3.03,18,4.91,32.2,9.3,13.6,42.24,Net Banking,Express,West,Mumbai,Delivered,0,2.6,2024-05
ORD-00411,CUST-4022,Returning,2024-02-02,2024-02-06,PROD-432,Hoodie,Levi's,Clothing,30.03,1,0,0.0,18,5.41,35.44,17.25,18.19,51.33,Credit Card,Express,Central,Nagpur,Delivered,0,4.6,2024-02
ORD-00412,CUST-3852,New,2024-02-02,2024-02-10,PROD-666,Children Book,Simon & Schuster,Books,17.89,2,25,8.95,18,4.83,31.66,8.25,15.16,47.88,Debit Card,Standard,South,Hyderabad,Delivered,0,3.5,2024-02
ORD-00413,CUST-1330,Regular,2025-02-02,2025-02-05,PROD-107,Dumbbells,Reebok,Sports,68.02,1,25,17.0,18,9.18,60.2,45.02,15.18,25.22,Debit Card,Express,Central,Raipur,Cancelled,0,,2025-02
ORD-00414,CUST-1979,Premium,2024-04-15,2024-04-20,PROD-725,Camera,Bose,Electronics,1795.45,4,20,1436.36,18,1034.18,6779.62,1170.37,2098.14,30.95,COD,Express,West,Ahmedabad,Delivered,0,3.6,2024-04
ORD-00415,CUST-3171,Regular,2024-08-02,2024-08-11,PROD-733,Headphones,Apple,Electronics,1489.96,5,0,0.0,18,1340.96,8790.76,904.1,4270.26,48.58,PayPal,Standard,East,Patna,Delivered,0,2.8,2024-08
ORD-00416,CUST-1176,Regular,2024-12-16,2024-12-31,PROD-760,Remote Car,Spin Master,Toys,35.68,2,5,3.57,18,12.2,79.99,16.53,46.93,58.67,PayPal,Economy,North,Chandigarh,Delivered,0,4.2,2024-12
ORD-00417,CUST-2986,VIP,2024-02-23,2024-03-03,PROD-218,Dining Table,Pottery Barn,Home & Garden,413.75,5,25,517.19,18,279.28,1830.84,278.26,439.54,24.01,Credit Card,Standard,West,Mumbai,Delivered,0,4.5,2024-02
ORD-00418,CUST-2689,Premium,2025-02-02,2025-02-10,PROD-484,Formal Shoes,H&M,Clothing,154.29,3,10,46.29,18,74.98,491.56,77.1,260.26,52.95,Debit Card,Standard,East,Bhubaneswar,Delivered,0,3.1,2025-02
ORD-00419,CUST-3588,New,2024-04-01,2024-04-16,PROD-376,Smartwatch,Bose,Electronics,1070.93,4,0,0.0,18,771.07,5054.79,539.79,2895.63,57.28,Debit Card,Economy,Central,Raipur,Delivered,0,4.3,2024-04
ORD-00420,CUST-1642,VIP,2024-08-02,2024-08-06,PROD-274,Dining Table,IKEA,Home & Garden,1053.4,1,5,52.67,18,180.13,1180.86,509.98,670.88,56.81,Net Banking,Express,West,Surat,Delivered,0,3.2,2024-08
ORD-00421,CUST-4574,Premium,2025-03-04,2025-03-19,PROD-353,Lipstick,L'Oreal,Beauty,67.64,5,10,33.82,18,54.79,359.17,45.02,134.07,37.33,PayPal,Economy,South,Kochi,Delivered,0,3.6,2025-03
ORD-00422,CUST-3065,Regular,2024-01-23,2024-01-31,PROD-535,Treadmill,Adidas,Sports,1072.35,5,0,0.0,18,965.12,6326.87,727.52,2689.27,42.51,Net Banking,Standard,North,Jaipur,Shipped,0,,2024-01
ORD-00423,CUST-1371,Regular,2024-04-21,2024-04-25,PROD-591,Bicycle,Nike,Sports,553.88,2,0,0.0,18,199.4,1307.16,326.58,654.0,50.03,COD,Express,North,Jaipur,Delivered,0,4.1,2024-04
ORD-00424,CUST-2517,Returning,2025-03-23,2025-04-06,PROD-820,Dining Table,Pottery Barn,Home & Garden,1293.84,5,0,0.0,18,1164.46,7633.66,898.06,3143.36,41.18,COD,Economy,West,Ahmedabad,Processing,0,,2025-03
ORD-00425,CUST-4013,Regular,2024-12-23,2024-12-28,PROD-627,Speaker,Samsung,Electronics,891.78,3,15,401.3,18,409.33,2683.37,408.59,1457.6,54.32,COD,Express,West,Pune,Delivered,0,4.7,2024-12
ORD-00426,CUST-1838,Premium,2024-11-27,2024-12-06,PROD-442,Sofa,IKEA,Home & Garden,604.67,4,15,362.8,18,370.06,2425.94,278.28,1312.82,54.12,Debit Card,Standard,East,Bhubaneswar,Shipped,0,,2024-11
ORD-00427,CUST-1223,Regular,2024-06-13,2024-06-15,PROD-481,Moisturizer,NYX,Beauty,113.23,5,25,141.54,18,76.43,501.04,78.1,110.54,22.06,PayPal,Same Day,South,Chennai,Delivered,0,3.6,2024-06
ORD-00428,CUST-4312,Regular,2024-08-19,2024-08-22,PROD-292,Bicycle,Reebok,Sports,641.49,1,10,64.15,18,103.92,681.26,402.51,278.75,40.92,UPI,Same Day,Central,Indore,Returned,1,,2024-08
ORD-00429,CUST-4899,Regular,2024-12-22,2024-12-26,PROD-400,Smartphone,LG,Electronics,1815.3,3,0,0.0,18,980.26,6426.16,866.52,3826.6,59.55,UPI,Express,East,Kolkata,Delivered,0,3.0,2024-12
ORD-00430,CUST-1951,VIP,2024-04-06,2024-04-13,PROD-760,Children Book,HarperCollins,Books,42.12,4,10,16.85,18,27.29,178.92,26.72,72.04,40.26,PayPal,Standard,North,Lucknow,Cancelled,0,,2024-04
ORD-00431,CUST-1703,New,2024-08-22,2024-08-25,PROD-332,Treadmill,Under Armour,Sports,793.8,3,10,238.14,18,385.79,2529.05,474.96,1104.17,43.66,UPI,Same Day,Central,Raipur,Delivered,0,4.5,2024-08
ORD-00432,CUST-4437,Premium,2024-12-30,2024-12-31,PROD-265,Bed Frame,IKEA,Home & Garden,264.24,3,10,79.27,18,128.42,841.87,182.08,295.63,35.12,Debit Card,Same Day,Central,Nagpur,Returned,1,,2024-12
ORD-00433,CUST-4995,Premium,2024-12-06,2024-12-08,PROD-646,Smartphone,Sony,Electronics,1233.15,4,5,246.63,18,843.47,5529.44,668.88,2853.92,51.61,PayPal,Same Day,South,Bengaluru,Delivered,0,3.6,2024-12
ORD-00434,CUST-2941,New,2025-01-13,2025-01-16,PROD-872,Smartphone,LG,Electronics,1874.92,2,10,374.98,18,607.47,3982.33,1278.61,1425.11,35.79,Net Banking,Same Day,South,Bengaluru,Shipped,0,,2025-01
ORD-00435,CUST-1902,Returning,2024-03-12,2024-03-20,PROD-465,Self-Help Book,Simon & Schuster,Books,60.46,4,5,12.09,18,41.35,271.1,37.62,120.62,44.49,Credit Card,Standard,West,Mumbai,Delivered,0,4.0,2024-03
ORD-00436,CUST-3773,Regular,2024-01-12,2024-01-21,PROD-624,Sofa,West Elm,Home & Garden,979.54,5,15,734.65,18,749.35,4912.4,495.19,2436.45,49.6,UPI,Standard,East,Bhubaneswar,Processing,0,,2024-01
ORD-00437,CUST-2412,New,2024-03-16,2024-03-31,PROD-415,Jacket,Zara,Clothing,156.75,5,0,0.0,18,141.07,924.82,106.14,394.12,42.62,UPI,Economy,East,Guwahati,Delivered,0,2.5,2024-03
ORD-00438,CUST-1571,VIP,2024-03-24,2024-04-09,PROD-712,Remote Car,Hasbro,Toys,35.3,4,20,28.24,18,20.33,133.29,24.64,34.73,26.06,Credit Card,Economy,West,Pune,Cancelled,0,,2024-03
ORD-00439,CUST-1716,VIP,2024-02-15,2024-02-23,PROD-573,Jeans,Zara,Clothing,126.53,5,5,31.63,18,108.18,709.2,59.03,414.05,58.38,COD,Standard,Central,Raipur,Delivered,0,3.2,2024-02
ORD-00440,CUST-1109,Regular,2025-03-03,2025-03-05,PROD-257,Lipstick,Maybelline,Beauty,36.04,4,5,7.21,18,24.65,161.6,21.21,76.76,47.5,PayPal,Same Day,North,Lucknow,Delivered,0,3.7,2025-03
ORD-00441,CUST-1273,VIP,2024-03-02,2024-03-04,PROD-863,Rug,Pottery Barn,Home & Garden,229.18,3,10,68.75,18,111.38,730.17,113.41,389.94,53.4,PayPal,Same Day,South,Bengaluru,Returned,1,,2024-03
ORD-00442,CUST-2309,Returning,2024-09-19,2024-09-27,PROD-999,Sunscreen,Neutrogena,Beauty,71.05,3,20,42.63,18,30.69,201.21,44.16,68.73,34.16,COD,Standard,North,Lucknow,Delivered,0,2.6,2024-09
ORD-00443,CUST-1793,Premium,2024-05-28,2024-05-31,PROD-883,Dress,Adidas,Clothing,27.43,3,10,8.23,18,13.33,87.39,16.71,37.26,42.64,Credit Card,Same Day,East,Kolkata,Delivered,0,2.7,2024-05
ORD-00444,CUST-1588,Regular,2024-12-16,2024-12-17,PROD-240,Lipstick,Neutrogena,Beauty,55.16,3,25,41.37,18,22.34,146.45,36.47,37.04,25.29,Net Banking,Same Day,East,Patna,Delivered,0,3.4,2024-12
ORD-00445,CUST-3153,VIP,2025-03-01,2025-03-06,PROD-829,Bed Frame,Pottery Barn,Home & Garden,646.8,2,0,0.0,18,232.85,1526.45,326.29,873.87,57.25,Net Banking,Express,Central,Nagpur,Delivered,0,4.6,2025-03
ORD-00446,CUST-4644,VIP,2024-06-27,2024-06-30,PROD-635,Fiction Novel,Scholastic,Books,41.16,1,0,0.0,18,7.41,48.57,26.95,21.62,44.51,Wallet,Same Day,North,Jaipur,Delivered,0,4.5,2024-06
ORD-00447,CUST-3829,Regular,2024-06-06,2024-06-09,PROD-179,Dining Table,Wayfair,Home & Garden,90.73,1,0,0.0,18,16.33,107.06,43.75,63.31,59.14,Credit Card,Express,South,Chennai,Delivered,0,2.7,2024-06
ORD-00448,CUST-1042,Regular,2024-08-28,2024-09-05,PROD-901,Puzzle,Fisher-Price,Toys,16.59,1,0,0.0,18,2.99,19.58,10.75,8.83,45.1,Credit Card,Standard,Central,Bhopal,Delivered,0,3.3,2024-08
ORD-00449,CUST-3050,VIP,2025-03-09,2025-03-12,PROD-347,Lipstick,Neutrogena,Beauty,136.16,2,20,54.46,18,39.21,257.07,73.24,110.59,43.02,Net Banking,Same Day,North,Chandigarh,Delivered,0,2.9,2025-03
ORD-00450,CUST-3065,Returning,2024-03-28,2024-04-06,PROD-475,Moisturizer,L'Oreal,Beauty,124.74,1,15,18.71,18,19.09,125.12,62.9,62.22,49.73,COD,Standard,South,Hyderabad,Delivered,0,3.0,2024-03
ORD-00451,CUST-1506,Returning,2024-04-19,2024-04-23,PROD-212,Lipstick,NYX,Beauty,104.29,1,0,0.0,18,18.77,123.06,68.69,54.37,44.18,Net Banking,Express,West,Surat,Delivered,0,5.0,2024-04
ORD-00452,CUST-3814,Returning,2024-02-29,2024-03-15,PROD-331,Jacket,Zara,Clothing,180.61,5,20,180.61,18,130.04,852.48,83.11,436.93,51.25,Net Banking,Economy,East,Guwahati,Delivered,0,4.3,2024-02
ORD-00453,CUST-3697,Regular,2024-01-07,2024-01-23,PROD-222,Running Shoes,Puma,Sports,242.77,1,25,60.69,18,32.77,214.85,157.95,56.9,26.48,Debit Card,Economy,East,Bhubaneswar,Delivered,0,3.6,2024-01
ORD-00454,CUST-3044,New,2024-04-12,2024-04-26,PROD-883,Bicycle,Reebok,Sports,1173.53,2,0,0.0,18,422.47,2769.53,634.79,1499.95,54.16,COD,Economy,South,Hyderabad,Delivered,0,3.6,2024-04
ORD-00455,CUST-1442,Regular,2024-09-05,2024-09-06,PROD-356,Remote Car,Spin Master,Toys,41.48,4,5,8.3,18,28.37,185.99,23.6,91.59,49.24,UPI,Same Day,Central,Raipur,Shipped,0,,2024-09
ORD-00456,CUST-4113,Regular,2024-07-14,2024-07-15,PROD-776,Dumbbells,Adidas,Sports,55.07,1,25,13.77,18,7.43,48.73,25.72,23.01,47.22,Wallet,Same Day,North,Chandigarh,Delivered,0,4.1,2024-07
ORD-00457,CUST-4604,Regular,2025-02-18,2025-02-25,PROD-492,Sunscreen,NYX,Beauty,38.27,4,10,15.31,18,24.8,162.57,22.05,74.37,45.75,UPI,Standard,Central,Indore,Returned,1,,2025-02
ORD-00458,CUST-4129,Regular,2024-09-08,2024-09-22,PROD-682,Bookshelf,Pottery Barn,Home & Garden,691.15,1,0,0.0,18,124.41,815.56,341.58,473.98,58.12,COD,Economy,East,Bhubaneswar,Delivered,0,3.5,2024-09
ORD-00459,CUST-3770,New,2024-07-19,2024-07-21,PROD-884,Tennis Racket,Reebok,Sports,828.74,5,10,414.37,18,671.28,4400.61,471.53,2042.96,46.42,PayPal,Same Day,South,Bengaluru,Delivered,0,3.4,2024-07
ORD-00460,CUST-2463,Returning,2025-01-26,2025-01-28,PROD-459,Sofa,IKEA,Home & Garden,905.76,2,25,452.88,18,244.56,1603.2,490.56,622.08,38.8,Credit Card,Same Day,Central,Bhopal,Delivered,0,3.4,2025-01
ORD-00461,CUST-2887,Returning,2024-02-28,2024-02-29,PROD-681,Self-Help Book,HarperCollins,Books,24.89,3,15,11.2,18,11.42,74.89,11.73,39.7,53.01,Net Banking,Same Day,North,Lucknow,Delivered,0,3.3,2024-02
ORD-00462,CUST-2376,Returning,2024-06-14,2024-06-22,PROD-614,Running Shoes,Nike,Sports,841.23,5,0,0.0,18,757.11,4963.26,585.87,2033.91,40.98,Wallet,Standard,West,Surat,Delivered,0,4.2,2024-06
ORD-00463,CUST-2217,VIP,2024-11-21,2024-11-30,PROD-511,Doll,Mattel,Toys,30.0,3,5,4.5,18,15.39,100.89,20.77,38.58,38.24,Wallet,Standard,South,Kochi,Delivered,0,3.2,2024-11
ORD-00464,CUST-3668,New,2024-10-17,2024-11-01,PROD-616,Sneakers,Nike,Clothing,183.66,5,0,0.0,18,165.29,1083.59,109.82,534.49,49.33,Wallet,Economy,East,Kolkata,Delivered,0,4.5,2024-10
ORD-00465,CUST-1764,VIP,2024-12-09,2024-12-12,PROD-611,Curtains,West Elm,Home & Garden,503.68,4,10,201.47,18,326.38,2139.63,258.3,1106.43,51.71,Debit Card,Express,Central,Raipur,Delivered,0,3.8,2024-12
ORD-00466,CUST-4057,New,2024-09-24,2024-09-28,PROD-964,Textbook,Random House,Books,75.48,5,25,94.35,18,50.95,334.0,45.56,106.2,31.8,UPI,Express,West,Mumbai,Delivered,0,3.1,2024-09
ORD-00467,CUST-1113,Premium,2024-12-17,2024-12-21,PROD-916,Running Shoes,Nike,Sports,768.03,4,5,153.61,18,525.33,3443.84,503.77,1428.76,41.49,Wallet,Express,South,Hyderabad,Delivered,0,2.9,2024-12
ORD-00468,CUST-2137,VIP,2024-03-22,2024-03-23,PROD-280,Curtains,Pottery Barn,Home & Garden,861.31,4,10,344.52,18,558.13,3658.85,526.89,1551.29,42.4,COD,Same Day,North,Chandigarh,Delivered,0,4.5,2024-03
ORD-00469,CUST-3751,Regular,2025-03-19,2025-03-27,PROD-506,LEGO Set,Fisher-Price,Toys,96.48,1,25,24.12,18,13.02,85.38,65.04,20.34,23.82,Wallet,Standard,East,Patna,Cancelled,0,,2025-03
ORD-00470,CUST-2283,New,2024-09-11,2024-09-18,PROD-952,Self-Help Book,HarperCollins,Books,16.06,5,0,0.0,18,14.45,94.75,9.32,48.15,50.82,Net Banking,Standard,Central,Indore,Delivered,0,4.4,2024-09
ORD-00471,CUST-1229,Returning,2024-08-13,2024-08-28,PROD-646,Textbook,HarperCollins,Books,75.36,2,0,0.0,18,27.13,177.85,35.92,106.01,59.61,PayPal,Economy,South,Hyderabad,Cancelled,0,,2024-08
ORD-00472,CUST-3643,VIP,2024-07-04,2024-07-20,PROD-135,Fiction Novel,Random House,Books,47.29,4,20,37.83,18,27.24,178.57,24.19,81.81,45.81,Wallet,Economy,East,Bhubaneswar,Delivered,0,3.3,2024-07
ORD-00473,CUST-2609,New,2024-09-30,2024-10-04,PROD-408,Fiction Novel,HarperCollins,Books,26.21,4,5,5.24,18,17.93,117.53,15.98,53.61,45.61,Credit Card,Express,East,Kolkata,Delivered,0,4.8,2024-09
ORD-00474,CUST-4445,New,2024-05-20,2024-05-28,PROD-834,Action Figure,Mattel,Toys,34.72,2,10,6.94,18,11.25,73.75,21.1,31.55,42.78,UPI,Standard,West,Mumbai,Delivered,0,3.5,2024-05
ORD-00475,CUST-2816,Premium,2024-08-20,2024-08-27,PROD-103,LEGO Set,LEGO,Toys,87.44,5,0,0.0,18,78.7,515.9,47.04,280.7,54.41,UPI,Standard,Central,Indore,Delivered,0,3.0,2024-08
ORD-00476,CUST-1546,New,2025-03-09,2025-03-24,PROD-277,Formal Shoes,Zara,Clothing,88.72,1,0,0.0,18,15.97,104.69,43.42,61.27,58.53,COD,Economy,Central,Nagpur,Delivered,0,4.7,2025-03
ORD-00477,CUST-4714,Regular,2024-01-11,2024-01-20,PROD-573,Perfume,MAC,Beauty,37.81,4,5,7.56,18,25.86,169.54,18.73,94.62,55.81,Debit Card,Standard,West,Ahmedabad,Delivered,0,4.1,2024-01
ORD-00478,CUST-2782,Returning,2024-07-07,2024-07-12,PROD-947,Rug,Ashley,Home & Garden,121.24,5,10,60.62,18,98.2,643.78,72.76,279.98,43.49,COD,Express,South,Bengaluru,Delivered,0,4.3,2024-07
ORD-00479,CUST-3457,Premium,2025-01-17,2025-02-01,PROD-943,Yoga Mat,Adidas,Sports,862.01,2,25,431.0,18,232.74,1525.76,563.2,399.36,26.17,PayPal,Economy,East,Patna,Delivered,0,4.6,2025-01
ORD-00480,CUST-2876,Regular,2024-11-12,2024-11-26,PROD-110,Self-Help Book,Scholastic,Books,20.99,2,0,0.0,18,7.56,49.54,10.97,27.6,55.71,UPI,Economy,East,Bhubaneswar,Delivered,0,4.2,2024-11
ORD-00481,CUST-2363,Premium,2025-01-11,2025-01-12,PROD-582,Hoodie,Zara,Clothing,243.98,4,20,195.18,18,140.53,921.27,122.74,430.31,46.71,PayPal,Same Day,West,Surat,Delivered,0,2.6,2025-01
ORD-00482,CUST-3291,Regular,2024-06-03,2024-06-19,PROD-694,Hair Dryer,Neutrogena,Beauty,109.34,1,0,0.0,18,19.68,129.02,56.14,72.88,56.49,Debit Card,Economy,Central,Raipur,Delivered,0,4.9,2024-06
ORD-00483,CUST-3044,New,2024-03-13,2024-03-14,PROD-865,Dining Table,West Elm,Home & Garden,764.11,3,10,229.23,18,371.36,2434.46,369.05,1327.31,54.52,PayPal,Same Day,East,Guwahati,Delivered,0,4.9,2024-03
ORD-00484,CUST-3607,Returning,2025-01-12,2025-01-26,PROD-154,Running Shoes,Under Armour,Sports,743.26,3,15,334.47,18,341.16,2236.47,392.63,1058.58,47.33,Debit Card,Economy,South,Hyderabad,Delivered,0,4.8,2025-01
ORD-00485,CUST-3297,Returning,2024-02-29,2024-03-14,PROD-568,T-Shirt,Adidas,Clothing,58.04,4,5,11.61,18,39.7,260.25,28.49,146.29,56.21,UPI,Economy,West,Surat,Delivered,0,5.0,2024-02
ORD-00486,CUST-3398,Premium,2025-01-18,2025-01-21,PROD-697,Speaker,Apple,Electronics,421.58,1,0,0.0,18,75.88,497.46,281.21,216.25,43.47,Credit Card,Same Day,South,Chennai,Cancelled,0,,2025-01
ORD-00487,CUST-1499,Returning,2024-01-14,2024-01-17,PROD-482,Foundation,Maybelline,Beauty,68.3,1,0,0.0,18,12.29,80.59,43.85,36.74,45.59,Net Banking,Same Day,North,Lucknow,Returned,1,,2024-01
ORD-00488,CUST-2349,Regular,2024-11-17,2024-11-20,PROD-771,Speaker,Sony,Electronics,475.8,1,10,47.58,18,77.08,505.3,312.92,192.38,38.07,Net Banking,Same Day,West,Surat,Shipped,0,,2024-11
ORD-00489,CUST-2562,Regular,2025-01-15,2025-01-24,PROD-508,Running Shoes,Reebok,Sports,172.6,1,25,43.15,18,23.3,152.75,105.44,47.31,30.97,PayPal,Standard,East,Kolkata,Returned,1,,2025-01
ORD-00490,CUST-4014,New,2024-11-27,2024-11-30,PROD-801,Jeans,H&M,Clothing,35.96,2,0,0.0,18,12.95,84.87,19.67,45.53,53.65,Net Banking,Express,West,Pune,Delivered,0,4.5,2024-11
ORD-00491,CUST-4321,New,2024-05-17,2024-05-31,PROD-728,Dress,Nike,Clothing,210.53,5,0,0.0,18,189.48,1242.13,120.51,639.58,51.49,Debit Card,Economy,West,Surat,Shipped,0,,2024-05
ORD-00492,CUST-4283,Returning,2024-09-10,2024-09-18,PROD-407,Tennis Racket,Puma,Sports,129.68,5,5,32.42,18,110.88,726.86,89.91,277.31,38.15,Debit Card,Standard,South,Chennai,Delivered,0,2.7,2024-09
ORD-00493,CUST-3706,VIP,2024-01-24,2024-02-02,PROD-932,Formal Shoes,Zara,Clothing,212.76,5,10,106.38,18,172.34,1129.76,111.46,572.46,50.67,PayPal,Standard,North,Delhi,Delivered,0,2.7,2024-01
ORD-00494,CUST-3885,New,2025-02-06,2025-02-10,PROD-421,Bed Frame,West Elm,Home & Garden,167.65,5,0,0.0,18,150.88,989.13,80.22,588.03,59.45,Net Banking,Express,West,Ahmedabad,Delivered,0,3.5,2025-02
ORD-00495,CUST-2062,Regular,2024-04-04,2024-04-13,PROD-544,Textbook,Scholastic,Books,52.91,3,5,7.94,18,27.14,177.93,36.6,68.13,38.29,Net Banking,Standard,South,Chennai,Returned,1,,2024-04
ORD-00496,CUST-3827,Returning,2024-06-04,2024-06-07,PROD-923,Smartphone,LG,Electronics,409.02,2,20,163.61,18,117.8,772.23,232.85,306.53,39.69,PayPal,Same Day,West,Surat,Shipped,0,,2024-06
ORD-00497,CUST-4449,VIP,2024-04-17,2024-05-03,PROD-295,Laptop,Apple,Electronics,223.98,1,25,55.99,18,30.24,198.23,101.68,96.55,48.71,Credit Card,Economy,South,Bengaluru,Delivered,0,3.1,2024-04
ORD-00498,CUST-3397,Premium,2024-09-05,2024-09-19,PROD-306,Bookshelf,Pottery Barn,Home & Garden,263.99,4,0,0.0,18,190.07,1246.03,126.48,740.11,59.4,PayPal,Economy,South,Kochi,Cancelled,0,,2024-09
ORD-00499,CUST-2191,Regular,2025-03-10,2025-03-26,PROD-599,Sunscreen,L'Oreal,Beauty,56.74,1,20,11.35,18,8.17,53.56,37.56,16.0,29.87,UPI,Economy,West,Surat,Delivered,0,4.3,2025-03
ORD-00500,CUST-2708,Returning,2024-08-04,2024-08-07,PROD-219,Treadmill,Reebok,Sports,875.04,4,0,0.0,18,630.03,4130.19,550.03,1930.07,46.73,UPI,Same Day,Central,Bhopal,Delivered,0,4.7,2024-08
